;ColourChecker;patch_id;illuminant;X;Y;Z;R;G;B
0;CCDSG;B2;SPD29;0.19749450034473331;0.13104532577897324;0.1569124026997374;0.20120556704189077;0.06904649547959409;0.10912085268227745
1;CCDSG;B3;SPD29;0.44263621463514446;0.37056913296185917;0.5190671279522139;0.4325974712733312;0.2981361310053004;0.4202562090184487
2;CCDSG;B4;SPD29;0.15746010628566326;0.11008592468004161;0.28005208282158356;0.14542241645626006;0.0701871342894711;0.18895045652243736
3;CCDSG;B5;SPD29;0.16224581510949448;0.19270405512292835;0.6304747563692038;0.10948138567296209;0.23534068382708873;0.5225384369685342
4;CCDSG;B6;SPD29;0.23379486459944718;0.3007319480325939;0.5892677200104238;0.1788414637867067;0.36109009438840467;0.5479847574294132
5;CCDSG;B7;SPD29;0.054825417541476115;0.06427442497471231;0.08347682544937836;0.03232560176738449;0.054612004647722937;0.07068792355936368
6;CCDSG;B8;SPD29;0.21451814064773303;0.29638231745063115;0.45088153191542985;0.16281112262445138;0.3606457449609836;0.455241451374257
7;CCDSG;B9;SPD29;0.07703157865447666;0.07513139689517084;0.05984114959950981;0.060347749301709996;0.05378261901099445;0.04374603571194229
8;CCDSG;C2;SPD29;0.0903225208098248;0.0777226127984795;0.1281106016104093;0.07567584450764543;0.05618773741582086;0.09165246797190225
9;CCDSG;C3;SPD29;0.1765161200420301;0.15899415094223576;0.37228855531366256;0.158408898893854;0.15040771862678384;0.2965546580618668
10;CCDSG;C4;SPD29;0.06299451128918082;0.06490004350095906;0.18046385610378107;0.040224317422618755;0.06191430912919505;0.13875318546986334
11;CCDSG;C5;SPD29;0.29868960334755884;0.3182600874602712;0.6495301459545159;0.258502838511251;0.3468369325376237;0.5673717639636043
12;CCDSG;C6;SPD29;0.05443377501367182;0.0634857305288557;0.12101130052411695;0.036322560287401655;0.06321728799978447;0.10347217939242132
13;CCDSG;C7;SPD29;0.2571418421126372;0.29917007593429634;0.6314371443935801;0.21906123057278964;0.3579780840918038;0.586640740871374
14;CCDSG;C8;SPD29;0.1348086314088694;0.20067869762754187;0.3053762328580305;0.10004998460540344;0.2611672667513129;0.33463921259460844
15;CCDSG;C9;SPD29;0.25298997115897287;0.3330982035551757;0.24131011115468323;0.21055112655661504;0.3746586122358172;0.28981258511088775
16;CCDSG;D2;SPD29;0.709610129987807;0.7183925049073331;0.8667034018786718;0.6561269098064872;0.6898553974159425;0.7858838143155552
17;CCDSG;D3;SPD29;0.8348552181746068;0.7632896978597327;0.7567299141899758;0.8338998013957423;0.673575505074865;0.7024366713911357
18;CCDSG;D4;SPD29;0.6297673603786134;0.7072030872273565;0.7593505963042053;0.5676805312495831;0.7428300530733807;0.7530286224799739
19;CCDSG;D5;SPD29;0.8376878683468366;0.7735006094843384;0.6695707565727741;0.8598371885671049;0.6975326570322882;0.6538021598830501
20;CCDSG;D6;SPD29;0.7012873481128316;0.7430815294435755;0.46736383996516295;0.6799269457358312;0.7308062860713445;0.5177725228211958
21;CCDSG;D7;SPD29;0.5097393815052668;0.4166295774455456;0.17065020993787736;0.5657580941603233;0.3126269802576062;0.17764581929802126
22;CCDSG;D8;SPD29;0.49042889284199065;0.41407025294191757;0.2721606885799146;0.5533378557007633;0.34574887174526864;0.29644904223588703
23;CCDSG;D9;SPD29;0.13902396545590326;0.21295517971523947;0.17950937984072593;0.10512859840291273;0.2634632314536475;0.22026623858102773
24;CCDSG;E2;SPD29;0.1484519464134448;0.12603925994556525;0.07196340182470369;0.15824114588337526;0.09981880137763097;0.07389679245130588
25;CCDSG;E3;SPD29;0.531139771384583;0.412545031957979;0.07487618946722739;0.592827969287754;0.28039908887944515;0.10288144012695968
26;CCDSG;E4;SPD29;0.06406941683971014;0.058592384757172405;0.271905310139095;0.04635268033009076;0.06796747289190394;0.21447795929731583
27;CCDSG;E5;SPD29;1.0;1.0;1.0;1.0;1.0;1.0
28;CCDSG;E6;SPD29;0.048200658516887325;0.048052475126290614;0.04895491245280853;0.03729924065389751;0.03685132414043632;0.03768347055180525
29;CCDSG;E7;SPD29;0.7146116252926602;0.6323014557569502;0.38849177606913676;0.7630021252506858;0.5453612718144456;0.4068619153863539
30;CCDSG;E8;SPD29;0.6957356923319411;0.5885288997053101;0.33254342798392617;0.756868901436005;0.48018799465703055;0.34287192682084344
31;CCDSG;E9;SPD29;0.05851218009406342;0.06923212768958181;0.06511162698723075;0.04463667666186402;0.0682930220714696;0.062350381684954694
32;CCDSG;F2;SPD29;0.4735093956555106;0.40397377716202093;0.25947371480519243;0.5132436968254243;0.334594075978277;0.2811392794911997
33;CCDSG;F3;SPD29;0.12126363150373405;0.11778118115870609;0.41389297922381424;0.10389465193680779;0.1415634877388932;0.33938680160796153
34;CCDSG;F4;SPD29;0.1746714357487327;0.24311118490276928;0.10883848507683226;0.14873114291201645;0.27795182115478706;0.16349940699472335
35;CCDSG;F5;SPD29;0.6395471247953365;0.6398055582567442;0.6519990226890313;0.6412685643993155;0.6438730097482251;0.6504297440964004
36;CCDSG;F6;SPD29;0.10678443569197996;0.1075127381649401;0.11340517388852699;0.09923666174818702;0.10156004626865542;0.10460085001035468
37;CCDSG;F7;SPD29;0.4536472559062109;0.4059039354833918;0.23088028588256948;0.5032337960882521;0.35815928271417286;0.2586540445245583
38;CCDSG;F8;SPD29;0.4603158618644966;0.41600047683018737;0.28478436936692264;0.5010616945308692;0.37344314752001223;0.2996278618489824
39;CCDSG;F9;SPD29;0.22368914632373788;0.30693708906368083;0.29919470173763346;0.18931123737288857;0.37939776008954773;0.3567801123823324
40;CCDSG;G2;SPD29;0.1753850261984573;0.18847951958695638;0.3506026169089285;0.16252898315923184;0.2137081754906485;0.3169328967091015
41;CCDSG;G3;SPD29;0.37272518813818706;0.25200835070525873;0.13483711958476288;0.45013148753999516;0.1575321269068222;0.1329982066984473
42;CCDSG;G4;SPD29;0.2616586336490446;0.1570036230913113;0.0572910651725143;0.3369619660901045;0.07982255570879948;0.058854419027242776
43;CCDSG;G5;SPD29;0.399986486992641;0.40112665134624076;0.4146283781472856;0.40543647999162685;0.40932794864909255;0.41711335001774386
44;CCDSG;G6;SPD29;0.1570017406557739;0.1574512112486889;0.16083468449645943;0.15022064898902956;0.151041435823098;0.15245171573500438
45;CCDSG;G7;SPD29;0.23203192607154943;0.19914174505564286;0.09896419668732827;0.2516394443796898;0.16052425063289158;0.10272656318811617
46;CCDSG;G8;SPD29;0.47367063881800847;0.41417936005186523;0.29450031014324257;0.5370605907946622;0.36501775920310847;0.31796304510130746
47;CCDSG;G9;SPD29;0.28072716301876105;0.34764927000255386;0.14731223439904093;0.24747773213236518;0.3734972029363737;0.18813252500444827
48;CCDSG;H2;SPD29;0.12455694354643713;0.14195994999851383;0.07650493413703144;0.12582685841532149;0.15484460805912376;0.09840951630119191
49;CCDSG;H3;SPD29;0.09074775691637206;0.07241299442726941;0.1455827231224776;0.09531752945528778;0.06473996476838297;0.11858568586345962
50;CCDSG;H4;SPD29;0.7321146476860463;0.7101098250420441;0.10918772312242152;0.7778806899633746;0.6322931576445395;0.20862741396694423
51;CCDSG;H5;SPD29;0.24255114068116934;0.24276744803478378;0.246050793750602;0.2427253679474054;0.24276270106746412;0.24416763202027508
52;CCDSG;H6;SPD29;0.33121997019183713;0.33247346413481677;0.34613033397693627;0.34271391895957554;0.3475814546468973;0.35516493901375706
53;CCDSG;H7;SPD29;0.4937744461482143;0.4472946987079874;0.3118348859516626;0.5563064220754688;0.41635775995049845;0.3426737001026799
54;CCDSG;H8;SPD29;0.4772180877784856;0.4196148851673744;0.28201928595568604;0.5374062840360464;0.3692709731973779;0.303669342070547
55;CCDSG;H9;SPD29;0.15178178758001568;0.2263593919953925;0.09084771547731052;0.11997406757715941;0.27351936391896553;0.13443377404952161
56;CCDSG;I2;SPD29;0.25202595473211803;0.24059044698255672;0.4433031748052204;0.24410679640669328;0.2468511850911338;0.38360278833662365
57;CCDSG;I3;SPD29;0.4232595403100106;0.4939057476197562;0.1298127718771603;0.4001300240966547;0.49996202215924446;0.2109715532836768
58;CCDSG;I4;SPD29;0.35265597126684917;0.23467769206671943;0.30789282365316734;0.42235316104278664;0.16498981898387985;0.2643329641377128
59;CCDSG;I5;SPD29;0.13090893314735264;0.13139469609406196;0.1374681227429788;0.1267577738575653;0.12780959979003556;0.13037367312729445
60;CCDSG;I6;SPD29;0.5597500479860539;0.5595832932012703;0.5724289069244334;0.5670827430864713;0.5681545811096308;0.5757504881283674
61;CCDSG;I7;SPD29;0.27309922199889003;0.22438666609917823;0.08096367266587506;0.29853292649263724;0.16111242918262475;0.07644329641968262
62;CCDSG;I8;SPD29;0.17138116149083438;0.14901083304255183;0.07409489691917129;0.1736529107474348;0.11112177155763897;0.0649596443111198
63;CCDSG;I9;SPD29;0.23031280008758545;0.34020700549738875;0.1350902588278273;0.17909009401925355;0.3986065521769472;0.2004966702443371
64;CCDSG;J2;SPD29;0.33401628878809;0.42418074889393165;0.47755398124309756;0.2878559955205189;0.4845471902915777;0.4986534967409833
65;CCDSG;J3;SPD29;0.5962917514441907;0.5278012206221991;0.08643119372675899;0.6374224491381043;0.41892400173464006;0.130478303731017
66;CCDSG;J4;SPD29;0.1298250337176402;0.17639670642828364;0.42450592573846907;0.10117099254657447;0.2374452819268062;0.4093157099403211
67;CCDSG;J5;SPD29;0.06097180861852185;0.06140140830509286;0.06417729716391167;0.05370495761857744;0.05429840501759408;0.05620298888846634
68;CCDSG;J6;SPD29;0.7990851660043471;0.8013050169026449;0.8188704582410402;0.8323527918206859;0.8375624309641939;0.8461949829724037
69;CCDSG;J7;SPD29;0.48821245882585335;0.4148241619415599;0.21986421942378853;0.5470115401039841;0.34263164709982263;0.22784230217278947
70;CCDSG;J8;SPD29;0.5360988836844546;0.4604462970194381;0.23866224624898688;0.5992538817705327;0.38094198950003955;0.25560941218290373
71;CCDSG;J9;SPD29;0.44559809558535446;0.39865843246475974;0.1196785211542624;0.4771006281222926;0.32545931895389735;0.13166234383980915
72;CCDSG;K2;SPD29;0.8283802581261709;0.7775430338014658;0.5602996508300607;0.8295160904819611;0.6858930137285114;0.5553621016918828
73;CCDSG;K3;SPD29;0.7442063147179451;0.8106135280785788;0.763248548666862;0.707146785021828;0.8423940466041119;0.7918784976621661
74;CCDSG;K4;SPD29;0.7491504019148716;0.7248811458315242;0.8224256987301205;0.7668383118503643;0.71919115020714;0.7990231324274675
75;CCDSG;K5;SPD29;0.6244720652656819;0.6719442777506613;0.8296131952760631;0.6154004710115661;0.7387784171148835;0.8396757672960201
76;CCDSG;K6;SPD29;0.48580650500228306;0.4862769591638133;0.49840631400016755;0.49204295345826143;0.4917946137514546;0.4960619681154491
77;CCDSG;K7;SPD29;0.19838477382325306;0.19868722112979165;0.2010719014203708;0.18800996217076532;0.18625949554651156;0.18581055318850434
78;CCDSG;K8;SPD29;0.0710247389571754;0.07118128487412574;0.0737239667038833;0.050644861395367884;0.04914593311207113;0.049783674748970295
79;CCDSG;K9;SPD29;0.35344208003688643;0.39031007478633495;0.11515077435083486;0.3283798275660393;0.37466095869279753;0.14250845862568984
80;CCDSG;L2;SPD29;0.11406275858566048;0.0858672100546507;0.06752516540315849;0.11523618269026806;0.050675823063238756;0.05124968546779436
81;CCDSG;L3;SPD29;0.3707495017517362;0.22565663024717478;0.0609858939072811;0.45272131684665295;0.1051263132554831;0.060203385341902664
82;CCDSG;L4;SPD29;0.4912803760501054;0.38185728137853764;0.33199230790774487;0.5535915536876341;0.2888533733795325;0.30259732173240694
83;CCDSG;L5;SPD29;0.5181513091241787;0.3992470777113497;0.2606729953270296;0.6040298782384114;0.29810797352153656;0.257853551440523
84;CCDSG;L6;SPD29;0.6301670618810016;0.4560305114041068;0.06477394314293344;0.753804151152702;0.28008961727548537;0.07888201707311354
85;CCDSG;L7;SPD29;0.5231683823626936;0.5595670743320553;0.0800129632560542;0.5034985603957896;0.5224447300748868;0.13326667976355455
86;CCDSG;L8;SPD29;0.40048687042521647;0.3911144268352761;0.10790066651386813;0.41232438550634676;0.3452995686864447;0.13246943791296822
87;CCDSG;L9;SPD29;0.44424438972230046;0.538109779669034;0.10992592449796795;0.3923254755906442;0.5488041325452714;0.17229960924114832
88;CCDSG;M2;SPD29;0.32251720919387505;0.19822077421447482;0.1383085122781128;0.3696529632866021;0.09717703844104875;0.11208834212118746
89;CCDSG;M3;SPD29;0.08561854396955235;0.06777877252733247;0.08122416443818724;0.08353220821602947;0.0446101448633015;0.05970210425740153
90;CCDSG;M4;SPD29;0.3155804542894984;0.1898136850409308;0.08073381028087416;0.3790114507460303;0.08510634229940617;0.06987649450827262
91;CCDSG;M5;SPD29;0.493071785210019;0.3095629329589041;0.08364489127019217;0.6257514109300291;0.1566172259490332;0.08534448394747819
92;CCDSG;M6;SPD29;0.8643923204257428;0.7606624024126807;0.1148883453160169;0.9425707600711016;0.6100333631420276;0.173343944833859
93;CCDSG;M7;SPD29;0.7668544211829574;0.7391838834470688;0.09550555226144736;0.8222295905761282;0.654713249921133;0.17098699762778186
94;CCDSG;M8;SPD29;0.4602663689710053;0.5103390299875102;0.09826641329537683;0.4449930949261747;0.498407972391761;0.15553605253362712
95;CCDSG;M9;SPD29;0.08854333060513857;0.07880582254319077;0.053313696934810514;0.08023061798574968;0.04949060157073568;0.034840611728440433
96;CCC;A1;SPD29;0.15088031420891845;0.1298163590138413;0.07502615768259276;0.15485237428599927;0.1039203827638922;0.07883458872426835
97;CCC;A2;SPD29;0.4753875939875565;0.40710961527294226;0.26336621372138014;0.4916377193187462;0.3254997377612;0.2739595552353473
98;CCC;A3;SPD29;0.18384617242338996;0.1947279544688774;0.3684384738292171;0.1640982170101452;0.21077728139026372;0.3192175081191764
99;CCC;A4;SPD29;0.13455770390234242;0.152359367651822;0.07675554100410951;0.12722124880718713;0.15469980117340515;0.09677289156454202
100;CCC;A5;SPD29;0.26603267156570626;0.24914862262983517;0.4672184243697472;0.25716144440381083;0.25190505488857123;0.3940909493946252
101;CCC;A6;SPD29;0.34132507377091803;0.4342791089593534;0.4809747972628869;0.2757759085210042;0.46272598454781444;0.4680570514558266
102;CCC;B1;SPD29;0.5306983228380837;0.41170302051074187;0.07204325243587228;0.5789470132689838;0.2764351725433532;0.10235199485915268
103;CCC;B2;SPD29;0.11740727449710169;0.11383707746790339;0.41824052039347054;0.10290942653803326;0.14227897040368015;0.3425038685066849
104;CCC;B3;SPD29;0.37971508739329407;0.2539343079790041;0.14116278720685235;0.46293779400636015;0.163372956649936;0.14377798887230292
105;CCC;B4;SPD29;0.09287404054888594;0.07221550693339887;0.15057703783508497;0.10236301208662184;0.0701834833553437;0.12638138820039518
106;CCC;B5;SPD29;0.4314366659313743;0.5012763057438522;0.131121411762652;0.4055274923822913;0.502831829854159;0.21575445970730603
107;CCC;B6;SPD29;0.6215848931247201;0.5424531107687586;0.08862038545515419;0.6433556167291039;0.41130217801370345;0.13460432859599505
108;CCC;C1;SPD29;0.06407433221529105;0.057992082353863175;0.3021998311117102;0.051450516411031384;0.07556451179236554;0.23655159613838972
109;CCC;C2;SPD29;0.17237188985377336;0.2437164756530096;0.11229292857393905;0.15280545966786563;0.2923524740886416;0.17037732916836562
110;CCC;C3;SPD29;0.2782375009379255;0.1714812478909721;0.05792249371341479;0.3623239664949192;0.10071143186575049;0.0737347385067453
111;CCC;C4;SPD29;0.7495172427788657;0.7254783440541172;0.1086362969288999;0.8180178601817586;0.6681016704367132;0.2211832402529363
112;CCC;C5;SPD29;0.36156997145387015;0.24517893861468;0.32178098444917874;0.43817723709811796;0.18267931931048306;0.2818928144772566
113;CCC;C6;SPD29;0.1313901104166234;0.17852501162623113;0.4222233474841736;0.10473110977762577;0.23931710362657754;0.40125130181725266
114;CCC;D1;SPD29;1.0;1.0;1.0;1.0;1.0;1.0
115;CCC;D2;SPD29;0.6558959125149112;0.659316124831273;0.6777506085388747;0.6689072402218971;0.6819882100787694;0.6913263773838313
116;CCC;D3;SPD29;0.40733129543457547;0.4100672040301883;0.42468654970166003;0.4192197004134646;0.4293707456032226;0.4368817659141101
117;CCC;D4;SPD29;0.21909734603738285;0.21966412041206407;0.22472837156782077;0.22607700427947852;0.22911231293224882;0.23100300232348756
118;CCC;D5;SPD29;0.10335458430660678;0.10413743776409234;0.1093214544562563;0.10526625031641018;0.10830685920325497;0.11111584290541776
119;CCC;D6;SPD29;0.03686348787000696;0.03693913439223142;0.03853933197070322;0.04082078033908638;0.041578293471406194;0.04309972500153342
120;CCPPV;A1;SPD29;0.49163564075225114;0.5152960428219572;0.16357548766517005;0.5775664944040964;0.5777581548445013;0.2639717195259422
121;CCPPV;A2;SPD29;0.3547102288226191;0.2541533466763078;0.1296846351682281;0.46753308878960875;0.1810534106534646;0.13455598970234287
122;CCPPV;A3;SPD29;0.32466888030557595;0.23909604393924574;0.42033007072891515;0.45794995018460993;0.23880661599256023;0.43884290360417993
123;CCPPV;A4;SPD29;0.1235688852597076;0.11328477300135008;0.37885286143314306;0.13549272655232922;0.15622688432197013;0.39731785828534866
124;CCPPV;A5;SPD29;0.27397994935131786;0.3418087569823417;0.4790872156418479;0.30772411540740674;0.5363443942136468;0.6507265294153489
125;CCPPV;A6;SPD29;0.29550492223264746;0.4117354829579984;0.18613862739552314;0.24487319741671265;0.46667360966465316;0.26130209761447765
126;CCPPV;B1;SPD29;0.08593859602830996;0.07897578505496061;0.05409010648039754;0.08772668006097063;0.06962122663076983;0.056341018493129814
127;CCPPV;B2;SPD29;0.18783067926523042;0.1635600927331988;0.09049785304210463;0.22540399554992532;0.14822741908648307;0.10267857142857142
128;CCPPV;B3;SPD29;0.3322633495988034;0.302393092173206;0.2022738158856775;0.4475681123398407;0.3367943549654519;0.26288730463394566
129;CCPPV;B4;SPD29;0.2930174767981408;0.26037188021631014;0.1524885514909864;0.37191634220292724;0.2603381170170366;0.18713440270541998
130;CCPPV;B5;SPD29;0.4668059796577087;0.42788771153400024;0.308259832161134;0.5332671131768594;0.41903619173906176;0.3553948450781464
131;CCPPV;B6;SPD29;0.5250513708783647;0.48500855643374724;0.36295194049285057;0.585632630407875;0.4689584078099088;0.4005575358742345
132;CCPPV;C1;SPD29;0.05626695082908309;0.05628811146722639;0.05857386406801862;0.05336558184826368;0.054201170363149524;0.05626913673338817
133;CCPPV;C2;SPD29;0.0786570908448365;0.07883036037593788;0.08318427814509369;0.07394304465452564;0.07516081701624033;0.07864221544343905
134;CCPPV;C3;SPD29;0.16386553052495456;0.16366037509540063;0.16998955924832;0.17593247948402377;0.17679436334734083;0.18202841757304328
135;CCPPV;C4;SPD29;0.25068023465863576;0.2512309907185781;0.258436302296372;0.27478109028832814;0.2781303526218758;0.28196881759741643
136;CCPPV;C5;SPD29;0.41305221625977795;0.41331501451734;0.4327611757310106;0.458119758301438;0.46243258341970167;0.47511320187063943
137;CCPPV;C6;SPD29;0.6313293844702625;0.6320882943146544;0.660729431859431;0.7237181866496759;0.730862575997539;0.7528186218505316
138;CCPPV;D1;SPD29;0.043465595690591205;0.04364174955424971;0.04609185914599116;0.04277185953913376;0.043943309932496455;0.04661889147853639
139;CCPPV;D2;SPD29;0.03789480878916024;0.03798609273009169;0.03990587180625715;0.039003772344919856;0.04029132093121109;0.042343592907412485
140;CCPPV;D3;SPD29;0.058723201590496925;0.05883304367379706;0.06306090358660821;0.023895358127322026;0.02359795096343527;0.02579127060293087
141;CCPPV;D4;SPD29;0.9485394988978073;0.9496427579066317;0.9815980021513754;0.8604249911464353;0.8678706272209387;0.8893844445967766
142;CCPPV;D5;SPD29;0.9675501552708027;0.9692242873844856;0.9936595714335335;0.9361068158173006;0.9444688334128915;0.9619983510038692
143;CCPPV;D6;SPD29;1.0;1.0;1.0;1.0;1.0;1.0
144;XRCCPP;A1;SPD29;0.16541479534828002;0.14329324638439045;0.08544249934238012;0.170377935998079;0.11595147902757635;0.08998641939298137
145;XRCCPP;A2;SPD29;0.5214145123859865;0.4414717159423834;0.2886414953516929;0.5477794060324368;0.3516679170067065;0.3054429065635419
146;XRCCPP;A3;SPD29;0.18635426004636568;0.1970240269137376;0.37537379489050676;0.1773284452799529;0.2283955998097378;0.34910001035011623
147;XRCCPP;A4;SPD29;0.1405837767443799;0.15848081421436536;0.0848189455241371;0.1353244091820405;0.16345696485160305;0.1053030231748511
148;XRCCPP;A5;SPD29;0.2641001724309339;0.25051755437538875;0.4668897436400566;0.27302212288224104;0.27388349667830525;0.4320279641321427
149;XRCCPP;A6;SPD29;0.3652177591279097;0.468962105269439;0.537080768427453;0.29853802468039337;0.5129878642659224;0.5315145356404684
150;XRCCPP;B1;SPD29;0.5662489089658879;0.4409433305515931;0.08106018161396618;0.6142516689610256;0.29468329790512565;0.11270492445983371
151;XRCCPP;B2;SPD29;0.13220600288780027;0.12796613424928785;0.466642747400122;0.113053503790215;0.15371014669817568;0.3711363486671873
152;XRCCPP;B3;SPD29;0.4141120964124484;0.27626866183827814;0.1580313605165243;0.4803622619911088;0.16635654115449056;0.15175465833639135
153;XRCCPP;B4;SPD29;0.09996374155330548;0.07860345366824602;0.16565073051599333;0.10846478611477058;0.0756710825519566;0.13886092266581357
154;XRCCPP;B5;SPD29;0.4420163444009562;0.5115541599947914;0.1383317071323322;0.4375580785279262;0.5362798803242693;0.23694395568895707
155;XRCCPP;B6;SPD29;0.6374750172827316;0.5600976826651267;0.09701567478988399;0.6846950640858008;0.44760754926259677;0.15676662369800243
156;XRCCPP;C1;SPD29;0.06588730098604192;0.06110942692534923;0.26883693351233895;0.05753906577655412;0.08524527827901962;0.2680099862939371
157;XRCCPP;C2;SPD29;0.18385336605028502;0.25704421362221624;0.12307157866411252;0.1570431059862207;0.29165399739316117;0.17828859260374424
158;XRCCPP;C3;SPD29;0.2937036897703668;0.17994250397656392;0.06173432814965413;0.3575351184925322;0.09745822914786295;0.07324589053340735
159;XRCCPP;C4;SPD29;0.7439732793619178;0.7242067037675302;0.11416843188475026;0.8051727512405162;0.6616446009676465;0.2177680131226928
160;XRCCPP;C5;SPD29;0.37467313595875434;0.25415612510380464;0.33674255403682996;0.4465990036397248;0.18601559298720532;0.2901811897615396
161;XRCCPP;C6;SPD29;0.1399215720366267;0.18960915747593673;0.4543523691014984;0.11406622884708056;0.2521241481272011;0.42494048683182944
162;XRCCPP;D1;SPD29;1.0;1.0;1.0;1.0;1.0;1.0
163;XRCCPP;D2;SPD29;0.6899162309703586;0.6924392760950994;0.7218194836506685;0.6647744373886743;0.6732494267082242;0.6911399868898528
164;XRCCPP;D3;SPD29;0.4185691006746975;0.4209281651230135;0.4414803077110675;0.41613090509577916;0.42456399967877817;0.43696465592136424
165;XRCCPP;D4;SPD29;0.2335274070493799;0.23449147390457784;0.24373066319823253;0.22571474623075496;0.22744566168612645;0.23151014468207892
166;XRCCPP;D5;SPD29;0.0995186254204729;0.10050260921703705;0.1088165777658814;0.10731349494172;0.11078859278060753;0.11627257815121833
167;XRCCPP;D6;SPD29;0.04106355059491002;0.0412924934467779;0.045023660385743694;0.04530495236121596;0.0465002947965492;0.049294780718674436
168;SCK100;A1;SPD29;0.4610769629088264;0.36436327883758446;0.219886845493695;0.47298701673300825;0.2550558823826138;0.20572152865937862
169;SCK100;A2;SPD29;0.595847682280441;0.5740301569845258;0.18801986523996633;0.6035475775992832;0.5004599844396955;0.2449954035156141
170;SCK100;A3;SPD29;0.31792004989401096;0.3836540217836506;0.2457529267727551;0.3076046223054744;0.4348543699115223;0.31508734646879893
171;SCK100;A4;SPD29;0.2510657615634662;0.30586715259735126;0.5270871946312127;0.22994659022397776;0.39055836093378443;0.5370683582790444
172;SCK100;A5;SPD29;0.2712099918531685;0.28684598761676794;0.571464373046992;0.26943820901498877;0.35301986817063163;0.5564438996759247
173;SCK100;A6;SPD29;0.415529297536126;0.32835565349434;0.35189746381979875;0.5004194422104357;0.28708043704159564;0.34448654019370234
174;SCK100;B1;SPD29;0.6905343887047869;0.6761866090945416;0.6612031010512173;0.6662653227548777;0.6326368781590178;0.6296615846661813
175;SCK100;B2;SPD29;0.6510898733448883;0.6662635680210521;0.6487851803746878;0.6472578320387394;0.678999968547058;0.6605784141664577
176;SCK100;B3;SPD29;0.6708134619310008;0.6680280615331015;0.7153302728227824;0.7069192623585928;0.7090358367699134;0.7454595622130514
177;SCK100;B4;SPD29;0.07102934016770941;0.06623230952755196;0.061613118916511486;0.07627831959559352;0.06394365294467784;0.06415803416388424
178;SCK100;B5;SPD29;0.06178532012219665;0.06554372725109879;0.06312062110504227;0.06431972737175376;0.0734214925667203;0.07048924369591836
179;SCK100;B6;SPD29;0.06659179363919797;0.06566547572587225;0.07944288673002257;0.07036060011696026;0.07100572858959668;0.08231142806734082
180;SCK100;C1;SPD29;0.7978180607702322;0.7514609306960238;0.5825159588830219;0.8261543179712711;0.6900954685805881;0.5999178867580126
181;SCK100;C2;SPD29;0.5863344711921951;0.5443202242405862;0.311452640916947;0.6501461013436856;0.5141307979492682;0.36954938534457715
182;SCK100;C3;SPD29;0.4434795340032027;0.39861516933515456;0.1659789624458761;0.5187093990120591;0.36968037283011795;0.21654455804106193
183;SCK100;C4;SPD29;0.21069101767321316;0.17784945490771004;0.0810458304895705;0.25639209285332115;0.15532955265014775;0.09774964614366237
184;SCK100;C5;SPD29;0.07607234153839333;0.07080921913672124;0.050473889310311104;0.0829055489383651;0.06643528972610423;0.05383630678780692
185;SCK100;C6;SPD29;0.0566136847042;0.05627283118574629;0.05835786914910838;0.05773010855585757;0.0574921204445903;0.0592313722993167
186;SCK100;D1;SPD29;0.9074377710626887;0.9060181166059884;0.8907410904856239;0.9051393936617496;0.9012837547928647;0.8971422867277675
187;SCK100;D2;SPD29;0.8080320527094658;0.8093424375343435;0.7973182113505148;0.849533078034208;0.8502982391693575;0.8394424789443872
188;SCK100;D3;SPD29;0.5057650550893714;0.5071272743869275;0.5060534019611375;0.5400640835304351;0.5454527947719277;0.5403711279759418
189;SCK100;D4;SPD29;0.2846745799252316;0.28518699778571843;0.28643337540817826;0.3138964322032077;0.3163663603070994;0.3160036586158546
190;SCK100;D5;SPD29;0.15016124939658343;0.15043309395492277;0.15052578285308782;0.16620572562300565;0.1671180262744821;0.16659092084893684
191;SCK100;D6;SPD29;0.06687702735881183;0.06690850869608307;0.06750946575634233;0.07168149313226123;0.07216088239151555;0.07240199141193654
192;SCK100;E1;SPD29;1.0;1.0;1.0;1.0;1.0;1.0
193;SCK100;E2;SPD29;0.6407738232083616;0.642123665512928;0.6414601020406139;0.6704097624485188;0.6768532459139365;0.6732988696495397
194;SCK100;E3;SPD29;0.3932067764162593;0.39403430699504005;0.3910804056521087;0.41911177509244274;0.42368454004820016;0.41910519117528067
195;SCK100;E4;SPD29;0.2134983871704998;0.21399730998216535;0.21436352444133855;0.23100661323143992;0.23349916352977973;0.2328880115993245
196;SCK100;E5;SPD29;0.1014320176555453;0.1020036282767925;0.10041197177665805;0.10879601351037993;0.11084509307400284;0.10814473155337295
197;SCK100;E6;SPD29;0.046778282076058664;0.04698843692125029;0.04829202729054281;0.04653744198646926;0.047454596491394656;0.047908500113419746
198;SCK100;F1;SPD29;0.1242050549919351;0.17239912983787536;0.3983233162640486;0.10315676746287869;0.2388414753922271;0.3931627128941668
199;SCK100;F2;SPD29;0.34224627861593737;0.2306712502798916;0.3077950245670763;0.41275361654908427;0.17055245015450518;0.2722853879552211
200;SCK100;F3;SPD29;0.7720389478068661;0.7460081769835782;0.10246452443150429;0.8622674934195717;0.7010226953746966;0.21733445028567186
201;SCK100;F4;SPD29;0.27643930198890887;0.16540435824957103;0.057939964776156275;0.37243513173864695;0.08968919152289805;0.06535285479486945
202;SCK100;F5;SPD29;0.16909961003026602;0.2401128272194499;0.10880534951747711;0.15285780619210665;0.30616281823107466;0.16886674440230448
203;SCK100;F6;SPD29;0.06336566363551588;0.05668831138724026;0.2950136348178236;0.0536410242053433;0.07957386604726131;0.25621493771199877
204;SCK100;G1;SPD29;0.5007915884109364;0.3887237400898215;0.06348500570725323;0.5500050335893112;0.2577468892743688;0.08490986778308839
205;SCK100;G2;SPD29;0.11480373028977463;0.11321252613044049;0.383752241288116;0.09932494759976969;0.13948032618481157;0.3239009228785533
206;SCK100;G3;SPD29;0.3743515545553175;0.2519616518875916;0.1467436137273176;0.46602016150469255;0.16449698734226795;0.14721670599877693
207;SCK100;G4;SPD29;0.098012437483937;0.08102451956231489;0.16682189321346863;0.10685730396431921;0.07964324055506729;0.1450191487019077
208;SCK100;G5;SPD29;0.4262532542435935;0.49136263878619557;0.12533105566386626;0.4439891591191105;0.5420713364592414;0.225038171381877
209;SCK100;G6;SPD29;0.631466056140888;0.5453260182556812;0.08756309229116441;0.7335845603414244;0.4588069127631884;0.1429797157740997
210;SCK100;H1;SPD29;0.33404084449373345;0.42789087669364345;0.45571190388977995;0.274382897503679;0.4691576011968735;0.46428418875698596
211;SCK100;H2;SPD29;0.26574979601893345;0.2538403067153163;0.4677789740347701;0.2562026262893624;0.26015476034341867;0.40810944541061267
212;SCK100;H3;SPD29;0.12499016867614637;0.14407367367569002;0.07625755557656756;0.11833268575358487;0.15008827594556148;0.08942901449517603
213;SCK100;H4;SPD29;0.18004911941791607;0.19507279669921546;0.360733919357009;0.16794839383255228;0.22838693290494033;0.33671947649160233
214;SCK100;H5;SPD29;0.47368764865584145;0.4095902045292553;0.26129916149786364;0.557269909825227;0.37391361241785886;0.30442456393092937
215;SCK100;H6;SPD29;0.1388036109384144;0.11896781599258123;0.07056939697025551;0.16102091654308923;0.10404496702485436;0.07657822579682345
216;CCDSG;B2;SPD30;0.19293541101065823;0.11852790308661645;0.15979967276126775;0.21026874117433514;0.07281057908861742;0.11463255699128189
217;CCDSG;B3;SPD30;0.44214054053078605;0.35818030384759886;0.5205975319191483;0.4385087664425277;0.31018642259987445;0.43268305305708005
218;CCDSG;B4;SPD30;0.16796532319644467;0.10546720357872998;0.282329806111943;0.15509224838715302;0.0801661399866947;0.19598935733510164
219;CCDSG;B5;SPD30;0.20397558413259362;0.2315186898880644;0.6238321607490169;0.130191054813724;0.29133327605204684;0.5449467231115032
220;CCDSG;B6;SPD30;0.270631542947618;0.3478930489552492;0.5913686132210264;0.2020963165251313;0.4199848531112835;0.5711362209435605
221;CCDSG;B7;SPD30;0.0578035329589313;0.07081586101528058;0.085107325591359;0.035213697739501754;0.06424511427476713;0.07488126858990841
222;CCDSG;B8;SPD30;0.24273359792670146;0.3418976566401378;0.45627645832477326;0.18371842373241148;0.4143040701525968;0.4814218816831913
223;CCDSG;B9;SPD30;0.0752678223410475;0.07333736378423848;0.06011924554990852;0.05996952742121892;0.05237039572506214;0.04325561300921432
224;CCDSG;C2;SPD30;0.09275280639446629;0.07670232038556227;0.12827162069062212;0.07681007528157524;0.05937205343056599;0.09321025701592832
225;CCDSG;C3;SPD30;0.19408169509255285;0.16464644688323418;0.3708693183201107;0.1671505293091549;0.16557589663172043;0.3032710447092808
226;CCDSG;C4;SPD30;0.07290885131141425;0.07242400018316057;0.1787560406563154;0.041072349685532014;0.07111942840366291;0.1399921344669871
227;CCDSG;C5;SPD30;0.3315316922584526;0.34706542354954323;0.649503854976238;0.27362201696373545;0.38516534094073596;0.5808470580322963
228;CCDSG;C6;SPD30;0.060795321007026976;0.0719323546171778;0.12240503864425795;0.036199198268144335;0.07117148533827632;0.10514347626212484
229;CCDSG;C7;SPD30;0.29351209282873186;0.3394786912221455;0.6336702002389778;0.23964301499581087;0.41304210930221036;0.6120606753285951
230;CCDSG;C8;SPD30;0.15516491508175306;0.23882118548069176;0.31198725317616227;0.11295876792949518;0.30391929943680557;0.35323829899441744
231;CCDSG;C9;SPD30;0.25975701761435077;0.35804631907426343;0.2452028786849239;0.21685780181081876;0.390874531312666;0.29431282594494046
232;CCDSG;D2;SPD30;0.7251804537822261;0.733695621390479;0.8657320608042197;0.659905921104581;0.7071441985485071;0.7888848700034079
233;CCDSG;D3;SPD30;0.8186146564391196;0.7418024898245351;0.7578477186633282;0.8207492726677941;0.6637509652223292;0.6995881052472291
234;CCDSG;D4;SPD30;0.6495175308334268;0.7366601639617311;0.762960967443144;0.5736479619828557;0.7630838528064985;0.7600434203668094
235;CCDSG;D5;SPD30;0.8148608608611936;0.7460855208174944;0.6713892401382713;0.8452328334729715;0.6745081389338012;0.6468506906126626
236;CCDSG;D6;SPD30;0.6840676047419403;0.7353460011024787;0.4703931069986864;0.666242966387356;0.7048359212999904;0.5060488327393174
237;CCDSG;D7;SPD30;0.4667405045030589;0.3671162770134576;0.17234676980462602;0.5404073162902929;0.2627211335201599;0.16180873631887313
238;CCDSG;D8;SPD30;0.4607371259345031;0.39031134682203833;0.2757879559328389;0.5406652282392561;0.33004824222483503;0.291931841342603
239;CCDSG;D9;SPD30;0.15082310948573976;0.24240639342262;0.18260329499461317;0.1085693936966935;0.2809547745584886;0.21689781409537964
240;CCDSG;E2;SPD30;0.13884351454875316;0.11587083694971169;0.07262121374543981;0.1424789183900962;0.08124044398407954;0.061048510818388614
241;CCDSG;E3;SPD30;0.47428129030658256;0.35037756650824325;0.07494663142916287;0.5573797684227582;0.2205176530382918;0.08376259541264727
242;CCDSG;E4;SPD30;0.08200090078838726;0.06728390618057738;0.27060279212809496;0.044647737399488685;0.07676452717330005;0.21275651664331202
243;CCDSG;E5;SPD30;1.0;1.0;1.0;1.0;1.0;1.0
244;CCDSG;E6;SPD30;0.04831304782327332;0.048040562562058034;0.04922342935068358;0.027880640606108464;0.027626279348146425;0.027307301617765442
245;CCDSG;E7;SPD30;0.6767188586510605;0.5866252939353364;0.39197546902845515;0.7479733658483559;0.4984356331396685;0.3925311063786684
246;CCDSG;E8;SPD30;0.6498391300372806;0.5302260198081148;0.33539123091025347;0.744783051441897;0.42779801125717215;0.3311575989537775
247;CCDSG;E9;SPD30;0.06031847927177655;0.07340550977016912;0.06599934238666558;0.036200736510384676;0.06136798907140224;0.05220675771492733
248;CCDSG;F2;SPD30;0.4452396311708929;0.38096730668751505;0.26251398048343494;0.4891938482616324;0.3108631627498488;0.26713542044718713
249;CCDSG;F3;SPD30;0.14668119833823084;0.13141571758295328;0.40900914950997724;0.10296942282074659;0.15469669698749877;0.334531617351251
250;CCDSG;F4;SPD30;0.17709110028762934;0.26178587113482066;0.10922600648225617;0.14477628317603952;0.27305457497891833;0.14688944415122984
251;CCDSG;F5;SPD30;0.6404412554527777;0.6396950927703154;0.6528767471732767;0.6369559878130194;0.6408282118358998;0.6465498893371177
252;CCDSG;F6;SPD30;0.10735701785245441;0.10781135171867859;0.11354977438981914;0.08915934036070755;0.09152644646210158;0.09360373871175036
253;CCDSG;F7;SPD30;0.4284246005259371;0.3846405555606088;0.23087439794474987;0.48719772258108845;0.33154613853693704;0.2442321816765888
254;CCDSG;F8;SPD30;0.44050323840405237;0.39475607638567084;0.2843370631332834;0.4871895186224733;0.3452018479652036;0.2838280458333385
255;CCDSG;F9;SPD30;0.2390506860664351;0.3413372862143804;0.3044661126494124;0.19641392150247297;0.4051313444039215;0.36295139158010686
256;CCDSG;G2;SPD30;0.1928795132911757;0.2025030500124236;0.3529833315122337;0.15743345307694595;0.2194856103157813;0.31101949692575764
257;CCDSG;G3;SPD30;0.3384981121032766;0.21435332148917427;0.13554702444146782;0.4252042529321461;0.1277804630324396;0.11828215610745516
258;CCDSG;G4;SPD30;0.2428437175467944;0.1335230365114812;0.057370084836704825;0.3374457385049721;0.061230849835055084;0.04790655025021663
259;CCDSG;G5;SPD30;0.4012183878109583;0.40159761119356324;0.415486479685129;0.3991210483838714;0.4032671603865759;0.40984624892402544
260;CCDSG;G6;SPD30;0.15725086413012174;0.15741591548319664;0.1610265645573822;0.1421485808689838;0.14387074375085887;0.14446611771971718
261;CCDSG;G7;SPD30;0.2191551856094368;0.18716697362100596;0.10034666875484524;0.2418327028249306;0.1409200811304527;0.0895274405809832
262;CCDSG;G8;SPD30;0.44829000647276834;0.39439043136717694;0.297070255674615;0.5236755990684405;0.3509530197360154;0.3125202225806412
263;CCDSG;G9;SPD30;0.27808147431547353;0.3552347199904236;0.14624329024156957;0.24185834019560287;0.35568726208791407;0.16662340213419222
264;CCDSG;H2;SPD30;0.12326770047148074;0.14437751082748498;0.07738248194640086;0.11463417010292891;0.14091686255653846;0.08482760006512235
265;CCDSG;H3;SPD30;0.09554661432549715;0.07115828153844571;0.14445062129735708;0.08966644755260532;0.059323355007863114;0.11016872347484322
266;CCDSG;H4;SPD30;0.6794207515000202;0.6678530830790287;0.1050731368451542;0.7506000426605848;0.5588495949214822;0.1692846834943143
267;CCDSG;H5;SPD30;0.24254303137137528;0.24234099112584304;0.24598903779030284;0.2369031491920639;0.23804600657540656;0.2386196850752126
268;CCDSG;H6;SPD30;0.33254934969041955;0.3331226975584804;0.3470281249440784;0.34052350485417976;0.34533206027073526;0.35289156759908913
269;CCDSG;H7;SPD30;0.4713677986747435;0.426928481184351;0.31479804018362056;0.546637966484778;0.39925884639034137;0.3406128472286299
270;CCDSG;H8;SPD30;0.45171868771738843;0.39817332571817465;0.2829874250592336;0.5299836741223559;0.35514822092627196;0.3006390848095561
271;CCDSG;H9;SPD30;0.1565979372937708;0.24631506162924566;0.08944722167742711;0.1233417748649167;0.275520912194225;0.12019615031779952
272;CCDSG;I2;SPD30;0.2695932281198071;0.2489073363271893;0.44371835782446334;0.24690992771286965;0.25746646176012333;0.3855126149944617
273;CCDSG;I3;SPD30;0.40799986851446546;0.4953647446056848;0.12709327679785637;0.3903474273924025;0.4669582601340998;0.183636820700705
274;CCDSG;I4;SPD30;0.34677056352736063;0.21532232745970947;0.3104249773129022;0.42878835735213133;0.16218519898203504;0.2625609650574311
275;CCDSG;I5;SPD30;0.1314186590959692;0.1315283654387612;0.13769538543230445;0.12374799900321903;0.12534190350939306;0.1273584808940954
276;CCDSG;I6;SPD30;0.5608011468922838;0.5596221060702617;0.5737903533178879;0.5688307000335336;0.5722257782021942;0.5785895106268765
277;CCDSG;I7;SPD30;0.25000227385306656;0.19703855789514668;0.0812082589369449;0.2891105780816889;0.1346003412807853;0.06972745805083234
278;CCDSG;I8;SPD30;0.16122095362727562;0.13805135759460938;0.07431903060824414;0.1698270708073413;0.09931917366053448;0.06022976542421592
279;CCDSG;I9;SPD30;0.23558825059594027;0.36889877561022166;0.13383703916506245;0.18829520714482756;0.4090920794814234;0.18813551189733635
280;CCDSG;J2;SPD30;0.3551075227521485;0.4626236870210362;0.4832172635365015;0.2981905656526916;0.5135359225034571;0.5073926988333339
281;CCDSG;J3;SPD30;0.5459667776539697;0.4741462095973685;0.08584180020191894;0.6100668725176616;0.3542664716117583;0.11098439319135185
282;CCDSG;J4;SPD30;0.15823291332712816;0.21306972016438702;0.42469407977502494;0.11690307740742602;0.28362129307746325;0.4267111122593641
283;CCDSG;J5;SPD30;0.061334151444813266;0.06164281439747755;0.06436849554492526;0.053430075096986177;0.05490817128746595;0.055671816171257014
284;CCDSG;J6;SPD30;0.8011473641085411;0.8025124330208744;0.8200335685103183;0.8396051742366986;0.8486605554810774;0.8570611612856661
285;CCDSG;J7;SPD30;0.45547348172131025;0.3741446336452306;0.22169565370113303;0.5448561692230544;0.31104690133895474;0.22756487936987158
286;CCDSG;J8;SPD30;0.49861729112295117;0.42077562232019516;0.24038359647218524;0.5903332755637914;0.35263199581529414;0.25486418422571044
287;CCDSG;J9;SPD30;0.41245060390173566;0.36133089030259186;0.11949265651431067;0.46988890814540285;0.2867917283210155;0.12250465144985395
288;CCDSG;K2;SPD30;0.7988642438575263;0.7440800932906511;0.5641292634800197;0.815427339076788;0.6573699325302945;0.5547150753725568
289;CCDSG;K3;SPD30;0.752703162670476;0.832541596289058;0.7674490927315624;0.7149078233974848;0.8606658361813048;0.8022597618933379
290;CCDSG;K4;SPD30;0.7529619712576112;0.7255037483975042;0.8218250425454765;0.7730936307541797;0.7342857326775653;0.8083452977194465
291;CCDSG;K5;SPD30;0.649248402506745;0.7049957800763351;0.8328051898527317;0.6402551328579823;0.7847748019807383;0.8614019676955423
292;CCDSG;K6;SPD30;0.4869067891193086;0.4865637319868209;0.49949104196101074;0.5002576555752565;0.501635455362438;0.5068282094593902
293;CCDSG;K7;SPD30;0.19846613327189921;0.19844857596273677;0.2012334113696451;0.19354368966885746;0.19374079732752011;0.193039987500446
294;CCDSG;K8;SPD30;0.07128038190106531;0.07124796000863326;0.07394795310453375;0.05432892131275644;0.054725132388341376;0.055012185834905004
295;CCDSG;K9;SPD30;0.3384881478161152;0.37882222283769523;0.11539283757536546;0.3288591421325575;0.3521548072480046;0.13585514296364917
296;CCDSG;L2;SPD30;0.10898888149482563;0.07898566715299972;0.0682103749498025;0.12285684399865045;0.05552333871908035;0.05788917472186647
297;CCDSG;L3;SPD30;0.33593084206814544;0.18634399605476323;0.06126874460401012;0.45312001673607555;0.08901917738288519;0.05921971287933871
298;CCDSG;L4;SPD30;0.4630148402716578;0.3483806470124423;0.33381926139422685;0.546411332128035;0.28248387704375943;0.310377295429502
299;CCDSG;L5;SPD30;0.48106117081532607;0.3614677217002392;0.2624858139977712;0.5942025957325058;0.2842169391585976;0.25915301168306415
300;CCDSG;L6;SPD30;0.5580066759307316;0.37492834315994117;0.06392764414757751;0.7308345271802277;0.22005235920068536;0.0701681001375033
301;CCDSG;L7;SPD30;0.49158638534142496;0.5275501964581555;0.0766946605760423;0.4912154831259954;0.46501382167589184;0.11199167762633142
302;CCDSG;L8;SPD30;0.3760357924643387;0.3684300280494679;0.10828649030058758;0.4120053653889343;0.31980324157972084;0.12831542673797317
303;CCDSG;L9;SPD30;0.4297268857445814;0.5329567799706392;0.10739502959387497;0.39568756351658585;0.5207780636555555;0.15749499587244056
304;CCDSG;M2;SPD30;0.3011904565596125;0.1710257479831062;0.1378998849980825;0.38129128257612505;0.096941207289874;0.11785914790605814
305;CCDSG;M3;SPD30;0.08799558825326231;0.06657663461076883;0.0828379143023266;0.09698360951618179;0.05319239151516746;0.0683860524989471
306;CCDSG;M4;SPD30;0.29045171099912864;0.16044595619003388;0.08108275950303918;0.39132549308355014;0.08057461899781444;0.07341170980202068
307;CCDSG;M5;SPD30;0.4401921045991017;0.25223846234261904;0.08423417057073762;0.6176893755659449;0.12833909551355985;0.08275377313883568
308;CCDSG;M6;SPD30;0.7898636513170497;0.6761405256694479;0.11370579930142448;0.9164149931445671;0.5164133275828146;0.15102643565456778
309;CCDSG;M7;SPD30;0.7088885741832768;0.6834409028669626;0.09042002430996941;0.8077930428379954;0.5805755985637884;0.14157467314773464
310;CCDSG;M8;SPD30;0.4364017952860898;0.49404755372713516;0.09561322537367481;0.443474725141749;0.4648316224047449;0.14039463815062372
311;CCDSG;M9;SPD30;0.08360199155859435;0.0733168256007801;0.053527823759331204;0.08167579186146795;0.05081596446246597;0.039421780800963875
312;CCC;A1;SPD30;0.14152103351295062;0.11980906014346288;0.07565698129013;0.14853278577397003;0.09643697578233393;0.07762018317475972
313;CCC;A2;SPD30;0.44910591887652634;0.38612837327882565;0.26646573798534645;0.4774011072145961;0.3109919247907608;0.2681220949501645
314;CCC;A3;SPD30;0.2006872096501103;0.20845214693748365;0.3660087835271373;0.16460493776996954;0.22190432159208134;0.3170194087642575
315;CCC;A4;SPD30;0.1324225493137281;0.15382196513722496;0.07742045976731426;0.12215929777442705;0.1454024208045751;0.08981318761266541
316;CCC;A5;SPD30;0.2858908674258227;0.26155731717422837;0.4679838524369618;0.26319559463603165;0.266417879997439;0.3945181760126751
317;CCC;A6;SPD30;0.36266380719286234;0.4729386206537965;0.4863965057229136;0.28397789432903525;0.48799577413564454;0.476929680616295
318;CCC;B1;SPD30;0.47442550731714234;0.3500988279565887;0.0720843717624074;0.5414370697635311;0.22185876328889814;0.09142894096534554
319;CCC;B2;SPD30;0.14355627819074682;0.12775581432703592;0.4139990635457895;0.11183623748188133;0.16469260253686765;0.3454958894807893
320;CCC;B3;SPD30;0.345752156600216;0.21709171740844824;0.1421623299951592;0.4449711690523825;0.14250792045476032;0.1371005682782704
321;CCC;B4;SPD30;0.1000482307141802;0.07251659121675788;0.15194305714050244;0.10541962676866891;0.07073849898881578;0.12335316514021033
322;CCC;B5;SPD30;0.41508751417284256;0.5020969306096147;0.1289305338048969;0.3937748647562434;0.46506933210753487;0.18939057611937887
323;CCC;B6;SPD30;0.5678211110580189;0.4867860863543074;0.08687915264438247;0.6152956293546639;0.3475872952931085;0.11413388086365364
324;CCC;C1;SPD30;0.08339237208163128;0.06748981539250712;0.29700982136709825;0.06245793433391117;0.09790346659984782;0.24409742375128327
325;CCC;C2;SPD30;0.17645022895846124;0.2632471061912381;0.11154490393480827;0.15841965050446616;0.29380096351388096;0.16125425400341128
326;CCC;C3;SPD30;0.2540241627157637;0.14550539694783685;0.058625539420786264;0.36103495317409967;0.08703880649630441;0.06938394755349334
327;CCC;C4;SPD30;0.6937666908960831;0.6796051360268814;0.10569754508325817;0.784363500458825;0.5861030367373532;0.1860344200409031
328;CCC;C5;SPD30;0.3539239084798329;0.22299498802223716;0.32480369960769523;0.43697401573884503;0.17537713041738814;0.27688263396574164
329;CCC;C6;SPD30;0.15979470021354894;0.21541021126511392;0.42459318868189394;0.11780458358359848;0.28089204042259974;0.41796260518806533
330;CCC;D1;SPD30;1.0;1.0;1.0;1.0;1.0;1.0
331;CCC;D2;SPD30;0.6581171387968032;0.6608162019701056;0.6786747127303754;0.666861246563841;0.6807241492290972;0.6879334233309352
332;CCC;D3;SPD30;0.4089062627792173;0.41101141711326755;0.4251729804884912;0.41859486494130216;0.42845416807055164;0.4344989370043732
333;CCC;D4;SPD30;0.21940932693720008;0.21954350389628385;0.2248457037378688;0.2232611215284888;0.22613637833826533;0.22775283532863944
334;CCC;D5;SPD30;0.10389431894746647;0.10443021535322364;0.10944401942384091;0.10193237550674922;0.1051274432713427;0.10763594622778017
335;CCC;D6;SPD30;0.037052724182828935;0.03703100035716067;0.03873815553145976;0.038614722550656816;0.03924681951624823;0.040644264269604796
336;CCPPV;A1;SPD30;0.4643196192296664;0.49711962111054453;0.16254389298742267;0.565303333819764;0.5388453141031564;0.24302383664727295
337;CCPPV;A2;SPD30;0.31935311688819673;0.21410570093842823;0.13025437456792194;0.44591774013098257;0.15112278688444875;0.12848179279761668
338;CCPPV;A3;SPD30;0.3254576441784673;0.22399337269873282;0.42198039419685696;0.4593896620190416;0.2453841253786792;0.4430209617312744
339;CCPPV;A4;SPD30;0.1479523283956265;0.1260464625358299;0.37795902746363613;0.15103454985252304;0.18300234866204068;0.4049013724130248
340;CCPPV;A5;SPD30;0.2984940690238539;0.37797014987514316;0.48297164779522045;0.3259815952276717;0.5845001677615743;0.6643850015632355
341;CCPPV;A6;SPD30;0.30219936931431485;0.43799019787565324;0.18658596701407879;0.24782985535317087;0.4580146268642201;0.24497877952628572
342;CCPPV;B1;SPD30;0.08192302121582587;0.0741330678698732;0.0543187662397481;0.08480146990541133;0.06430556433534809;0.054278414052589395
343;CCPPV;B2;SPD30;0.1758272767390362;0.15138229054947128;0.09077641453884121;0.22012541070236186;0.13481101293952316;0.09575267097664489
344;CCPPV;B3;SPD30;0.31718286601838236;0.288307190003983;0.20313653229728676;0.44081906101168766;0.32160258498704103;0.25718998523011904
345;CCPPV;B4;SPD30;0.2766131720685664;0.24454621755274622;0.15301006504371933;0.3624163670695198;0.24089407193810813;0.17626469351598634
346;CCPPV;B5;SPD30;0.4479269023902311;0.41169896943665907;0.3114492982244195;0.5270046476251122;0.4055089010887483;0.35376470250009884
347;CCPPV;B6;SPD30;0.5063138565380014;0.4689751069351284;0.3648556512826309;0.5735969788225721;0.4493347888878624;0.3867229191897049
348;CCPPV;C1;SPD30;0.056508522543020655;0.056379193043073886;0.058856875291873126;0.05130076015866489;0.05246804020442599;0.055649389619397055
349;CCPPV;C2;SPD30;0.07907260777718271;0.07899910159155554;0.0834711570891535;0.07054352007853647;0.07212167333660752;0.07487539035968792
350;CCPPV;C3;SPD30;0.16423285203031757;0.1635832666516418;0.17029875325803176;0.17625819746436897;0.1760420668225958;0.1794055392444002
351;CCPPV;C4;SPD30;0.2512345689334744;0.2513984520437173;0.2587185332353095;0.2739843546168916;0.27790859668658735;0.2810571784855661
352;CCPPV;C5;SPD30;0.4145996711421582;0.41383836199010443;0.4336897383749536;0.45563087862667323;0.4606854397541442;0.4717234043317796
353;CCPPV;C6;SPD30;0.6339592782605887;0.6334297830807644;0.662063585705043;0.719630135714191;0.7302345258182632;0.746789976605371
354;CCPPV;D1;SPD30;0.043747971434639696;0.04380594486143185;0.046316690174791314;0.04241897610740392;0.044093333787181076;0.04651344562276071
355;CCPPV;D2;SPD30;0.03811450426585697;0.03810443977715742;0.040106769640239924;0.03877958936396963;0.04028222845722566;0.041844402358868577
356;CCPPV;D3;SPD30;0.059163536710406486;0.059042430245428115;0.06345312618198558;0.028991275200431595;0.030357550972774;0.03235178909616234
357;CCPPV;D4;SPD30;0.9517494357430982;0.9514099097065071;0.9835039841943394;0.8663929387937401;0.8780494920957554;0.8976242412916997
358;CCPPV;D5;SPD30;0.9700722177305751;0.9709506512822813;0.9944825628719017;0.9395543409526085;0.9501529304786311;0.9649296184627104
359;CCPPV;D6;SPD30;1.0;1.0;1.0;1.0;1.0;1.0
360;XRCCPP;A1;SPD30;0.1557888505574024;0.13262183234581842;0.08611726400861526;0.1628031172545076;0.10627745952912851;0.08664163231007588
361;XRCCPP;A2;SPD30;0.4918247940565856;0.41809193872171724;0.29290319667504056;0.531497707711092;0.3369061978350166;0.30071251630296825
362;XRCCPP;A3;SPD30;0.2034910521240209;0.21074967834038083;0.3736645639546042;0.1815247328175235;0.24308276814499696;0.3477762313664732
363;XRCCPP;A4;SPD30;0.1389444585672223;0.16079111488406198;0.08580764956635499;0.13376889334880906;0.15680949067483546;0.10054182750803112
364;XRCCPP;A5;SPD30;0.2825350196236319;0.2605541161809306;0.4676975760903059;0.2759252599686035;0.28654310296961627;0.42472974274134956
365;XRCCPP;A6;SPD30;0.3902303289354089;0.5123595247401853;0.5422345164666699;0.2990139604593622;0.526485782771571;0.5231042602172562
366;XRCCPP;B1;SPD30;0.5071477455078459;0.37600350850329717;0.08112886785419493;0.5801633565397527;0.23893496898306268;0.0989294748912406
367;XRCCPP;B2;SPD30;0.16092675503235224;0.14369685066848503;0.46080348454320436;0.11861760658766578;0.17466830011116719;0.3699062524618576
368;XRCCPP;B3;SPD30;0.37781378935537224;0.23665783368107732;0.15908266759807202;0.4595344790829983;0.14436254907126395;0.1426905806045009
369;XRCCPP;B4;SPD30;0.10952517539615964;0.08031377554496003;0.16759663423930543;0.11509249907942366;0.07924647330747703;0.13653177875230868
370;XRCCPP;B5;SPD30;0.4259017295128567;0.512799648433698;0.13576771261486423;0.4192121589291598;0.49370623752913567;0.20643715588701275
371;XRCCPP;B6;SPD30;0.5830703832010801;0.5026699325663149;0.0954137779436667;0.6391749913325854;0.3719409833509161;0.13119403377012157
372;XRCCPP;C1;SPD30;0.08233810345009351;0.06939145540338108;0.2647123737083122;0.061742139570139305;0.10165238584101324;0.2675279885857339
373;XRCCPP;C2;SPD30;0.18768097268729417;0.27725874989354043;0.12309139200395357;0.15835528001671034;0.2919177575658054;0.16526701854818238
374;XRCCPP;C3;SPD30;0.26910718329653016;0.15301566922908824;0.06241131276696427;0.354767508715866;0.08334347344806037;0.06797440543403097
375;XRCCPP;C4;SPD30;0.6900070222179338;0.6790264995660185;0.10904967702796813;0.7597554174033071;0.5755298751407311;0.17613420515917821
376;XRCCPP;C5;SPD30;0.36537403616528463;0.23068420184145763;0.33954074516457894;0.43540353544380395;0.17665891292457053;0.28210043503759524
377;XRCCPP;C6;SPD30;0.1703087253746623;0.2284160622339846;0.4570653303816933;0.12155914406858132;0.28387201954462815;0.42782840086482316
378;XRCCPP;D1;SPD30;1.0;1.0;1.0;1.0;1.0;1.0
379;XRCCPP;D2;SPD30;0.693077231940165;0.6943696471767233;0.7233797133538589;0.6597829808584724;0.672437277975789;0.6834466881997145
380;XRCCPP;D3;SPD30;0.42071446428853077;0.422189368442772;0.4423720808114137;0.41326663551421994;0.42318006599147284;0.4324072372049053
381;XRCCPP;D4;SPD30;0.2342884513502422;0.23460747510136978;0.24389714062461418;0.2187224769209898;0.22278442431123024;0.22664145724464516
382;XRCCPP;D5;SPD30;0.1004058909479984;0.1010765420393305;0.10911938266762873;0.10437935927887111;0.10825389587145723;0.11265197867703054
383;XRCCPP;D6;SPD30;0.04147161766710223;0.041537460570931835;0.045275096192407466;0.04232282404825327;0.0437379573831652;0.046423850914279204
384;SCK100;A1;SPD30;0.4283016232800906;0.3235713373310189;0.22213577959546266;0.4326851984050093;0.21537398166370494;0.18982027660374173
385;SCK100;A2;SPD30;0.558353450684293;0.54047272200485;0.18647062256864633;0.5403975812537606;0.420298876966535;0.2129804065957387
386;SCK100;A3;SPD30;0.3195753453384003;0.40130116778042224;0.2473369412701071;0.2896347914988221;0.4038274858706455;0.28673207176662807
387;SCK100;A4;SPD30;0.2798657544014892;0.3409132383357176;0.5280228525044178;0.23061315739824795;0.4004706061682522;0.5107394253658263
388;SCK100;A5;SPD30;0.2994771152428188;0.309777728280405;0.5718608445389899;0.26703521293737315;0.36235032389215477;0.530010214752711
389;SCK100;A6;SPD30;0.3993468397628248;0.30395295637834624;0.3548940973261192;0.46377545394515435;0.26463826530992157;0.32608252088335243
390;SCK100;B1;SPD30;0.6864171957571585;0.6704752416218135;0.6609638580538487;0.6218193722783687;0.5885512697474784;0.5875672140955918
391;SCK100;B2;SPD30;0.6521670523876542;0.6695623203036976;0.6496116735355301;0.5991113586995319;0.628307066144608;0.6094984415790295
392;SCK100;B3;SPD30;0.6755977661254259;0.6709059144919894;0.7163151777873091;0.657483657464536;0.6605037290633036;0.689976118700796
393;SCK100;B4;SPD30;0.06993947473833935;0.06506705677454327;0.06231880825437615;0.07190843081065094;0.06034656832878306;0.06100316797962675
394;SCK100;B5;SPD30;0.06240867458300341;0.06668627002945533;0.06338169153750428;0.061569578153522944;0.0702244796678775;0.06674350103937347
395;SCK100;B6;SPD30;0.06767769226911555;0.06606252102453868;0.07979818679588772;0.0657912935843438;0.06750697433610758;0.07770307414197355
396;SCK100;C1;SPD30;0.7736874751896382;0.7303147620150571;0.5848724241679788;0.7651510250415574;0.6305944381394236;0.5575550816796684
397;SCK100;C2;SPD30;0.5586442459572841;0.5229305329301589;0.31287859044478167;0.59507384735409;0.4563270555182997;0.33507124758054824
398;SCK100;C3;SPD30;0.4154229730186494;0.373304291602431;0.1645910995326615;0.4727538893194775;0.31645049765375843;0.19116519773664603
399;SCK100;C4;SPD30;0.1963301285221242;0.16351951403621434;0.08044096936209426;0.23376550118808448;0.13069229128349247;0.08561995494769895
400;SCK100;C5;SPD30;0.07309109180588803;0.06770630934103736;0.05056639239276528;0.07363892939820717;0.05639595569539026;0.047297053702240605
401;SCK100;C6;SPD30;0.056743701880566724;0.05624545051584373;0.05867646308189515;0.05001109048818544;0.049866032300297895;0.051777929486245246
402;SCK100;D1;SPD30;0.9062411175495745;0.9045132335147932;0.8909380872083664;0.8518919480506236;0.8456065734185482;0.8409252341466783
403;SCK100;D2;SPD30;0.8073327025438903;0.8087015118167071;0.8005616213706691;0.7925152908512395;0.7905221739867447;0.7820018358429154
404;SCK100;D3;SPD30;0.5057581863537205;0.5066746495379311;0.506335797375082;0.5035055344085583;0.5063420576229746;0.5025800880079571
405;SCK100;D4;SPD30;0.2848142015888003;0.2849906410517287;0.28778648273986984;0.2929796253709577;0.2938292510817941;0.29477845876129183
406;SCK100;D5;SPD30;0.15013820664487174;0.15020686791042517;0.15099639291251227;0.153812801482811;0.1542511146454269;0.15393945553706076
407;SCK100;D6;SPD30;0.06689246098941551;0.06688928252591458;0.06753126025095792;0.06313292268782443;0.06335294630385373;0.06390663792728733
408;SCK100;E1;SPD30;1.0;1.0;1.0;1.0;1.0;1.0
409;SCK100;E2;SPD30;0.6411967748403643;0.6416200752514353;0.6423201094596133;0.6683644461894611;0.6737510474097169;0.6710251316156185
410;SCK100;E3;SPD30;0.39301898484937103;0.39321317206246975;0.39140897059454616;0.4230428475274585;0.42431786415583267;0.4204264371607334
411;SCK100;E4;SPD30;0.21349075585277902;0.21367682033474442;0.2145347676117857;0.23361475978257543;0.2348060216915103;0.23410359472361358
412;SCK100;E5;SPD30;0.10149624965405414;0.10171981838634432;0.10075688497701832;0.1078451181455684;0.10924440640504456;0.10701231906847593
413;SCK100;E6;SPD30;0.04699898649648535;0.04712269825136263;0.048536608238655035;0.04172079122347206;0.042555430039163164;0.043311702092298406
414;SCK100;F1;SPD30;0.1509845871298357;0.20913276519758983;0.39924619112536314;0.1157251012166393;0.2792408102800991;0.40635820414675494
415;SCK100;F2;SPD30;0.33853323143204334;0.21363364531051504;0.3110467808745559;0.4247988414901537;0.17095426088243912;0.27285458232016796
416;SCK100;F3;SPD30;0.7145707803378984;0.6951203103590404;0.1005691403979129;0.8427524934476885;0.6226006159404261;0.18707226522049294
417;SCK100;F4;SPD30;0.2551814127027676;0.14036425012875142;0.05828712073110334;0.38285568279164156;0.07511731207838063;0.05890083379996472
418;SCK100;F5;SPD30;0.17328131054933338;0.257120208248099;0.10806923448306252;0.15624171400307985;0.30802838179195646;0.15899882639011406
419;SCK100;F6;SPD30;0.0811605194700293;0.06562646838849813;0.2844732452935403;0.0566615590931805;0.09657676062291366;0.2660039222604903
420;SCK100;G1;SPD30;0.44962710047201315;0.3294486608943759;0.06238005993429263;0.5264400584608951;0.20522752170048966;0.07182134538137208
421;SCK100;G2;SPD30;0.13791853733752735;0.1262546755220828;0.3789596573948966;0.1068633868566242;0.16024175070400384;0.3309432857497168
422;SCK100;G3;SPD30;0.34402445699125533;0.21826977651310764;0.14826413234258798;0.4596965922881589;0.14727309918953593;0.14333011165913667
423;SCK100;G4;SPD30;0.10771310676779906;0.08167389956480817;0.16883373818712524;0.11304298775202179;0.08122984845027163;0.14554475698093333
424;SCK100;G5;SPD30;0.4093398221258246;0.4903937505547748;0.12270754619888637;0.44698523562825704;0.5196142115704115;0.20369405856799142
425;SCK100;G6;SPD30;0.5762912950837468;0.4850044078461638;0.08574571028267525;0.7341001279867833;0.39706826023329694;0.12122341799177196
426;SCK100;H1;SPD30;0.3547269058372187;0.4664499971056151;0.4610071061176775;0.29017194718378087;0.5024020450168265;0.4802056246340459
427;SCK100;H2;SPD30;0.283581921100181;0.26359177669845313;0.4670541877893213;0.26718021788347596;0.28107754971171867;0.42056828031633775
428;SCK100;H3;SPD30;0.12395131898721952;0.1468731718440826;0.0762104833087926;0.11733895846293482;0.1450237471271517;0.08414303466368023
429;SCK100;H4;SPD30;0.1976712616661059;0.20918626256443942;0.3623210534496456;0.17521091049083698;0.24853454623342047;0.348108800540014
430;SCK100;H5;SPD30;0.44878971779761556;0.38807840059113996;0.26640597649938186;0.5633940909369041;0.3666808730392687;0.3112086136317729
431;SCK100;H6;SPD30;0.1315784994533128;0.1105706762276002;0.07066643330507272;0.15754691786409944;0.09218090304347808;0.07023901754278307
432;CCDSG;B2;SPD38;0.19484491936400672;0.11959240568292538;0.16436564516605828;0.19917373960617946;0.051678795795235426;0.09834580878881002
433;CCDSG;B3;SPD38;0.4476266801833443;0.36056135625307534;0.5262355713966955;0.44457414340160756;0.30967270013062137;0.4392753656843697
434;CCDSG;B4;SPD38;0.17508742186499995;0.10726841498923358;0.29068499741839493;0.13820214130706324;0.061534365864278164;0.1836622170445427
435;CCDSG;B5;SPD38;0.2173293844802985;0.236060592664988;0.6231062805346819;0.1223263666323799;0.2987087143123717;0.5597551095182436
436;CCDSG;B6;SPD38;0.2798495512464411;0.35130005318224533;0.5891847599811406;0.19732812245794243;0.42887255084903897;0.5789282203317672
437;CCDSG;B7;SPD38;0.05841268404060733;0.071361777951422;0.08423989607109834;0.01690193247494948;0.04707855943272998;0.05609745949669859
438;CCDSG;B8;SPD38;0.24725904302217702;0.34408710785737495;0.45045482911287904;0.17785668373892163;0.42097281831187405;0.4803998596349994
439;CCDSG;B9;SPD38;0.0748207605259414;0.07318688458481;0.06030345360468824;0.042047799350477894;0.03313404242084966;0.022885107118621326
440;CCDSG;C2;SPD38;0.0946440699766451;0.07732138942287146;0.12997110021663735;0.052087565465622716;0.03485799589475649;0.06984352140695271
441;CCDSG;C3;SPD38;0.2016764131934884;0.16664720387389373;0.3756823817256798;0.15747088218899438;0.15767120731479753;0.3046633304176633
442;CCDSG;C4;SPD38;0.07654220720291963;0.07358562178544115;0.17940251911851282;0.02324446337081169;0.0573715245381601;0.12926578009655257
443;CCDSG;C5;SPD38;0.3425889765015002;0.35054643548531533;0.6520589623355658;0.2731224446070374;0.39306487528767803;0.5938910261868454
444;CCDSG;C6;SPD38;0.06259680809598686;0.07279353746738924;0.12178750973216254;0.02070851784318833;0.05710443490701001;0.08948043017744303
445;CCDSG;C7;SPD38;0.30412945023655236;0.3434196158295605;0.6325849257927618;0.23354480288968882;0.41765503514337254;0.6151615487626464
446;CCDSG;C8;SPD38;0.15807407469632198;0.24092147153603716;0.3059305364691917;0.09972889164289266;0.29989363687255083;0.34134433031187356
447;CCDSG;C9;SPD38;0.25664120920711725;0.357161820641068;0.23985965512466606;0.2071674133000008;0.385281333582136;0.2782308784939661
448;CCDSG;D2;SPD38;0.7302501379685475;0.7354526429007551;0.8664600935625484;0.6715254879194757;0.7242571375256578;0.8060413392988459
449;CCDSG;D3;SPD38;0.818499238564386;0.7428998034974031;0.7600013108452144;0.8350968637843865;0.675041487839771;0.7114033339267883
450;CCDSG;D4;SPD38;0.6511618748673875;0.7367590599489657;0.7599499527714539;0.5755854011327964;0.7714688063693476;0.7630411728734315
451;CCDSG;D5;SPD38;0.8116913104040834;0.746000484457243;0.6730044716187532;0.8531800890270238;0.6805341792623002;0.6519641424188708
452;CCDSG;D6;SPD38;0.6750484340650607;0.7318828715315174;0.467179786713721;0.6642350334762591;0.6981441811283199;0.49404964637824755
453;CCDSG;D7;SPD38;0.45869616361650417;0.3659720170076347;0.17303242183791348;0.5383236711067569;0.2528961870995832;0.1506566063148769
454;CCDSG;D8;SPD38;0.4556494497073586;0.39107191485471177;0.2732013170393779;0.5380049554287015;0.3245301984201033;0.28080547320292804
455;CCDSG;D9;SPD38;0.14988948113789255;0.24213058952181932;0.17858912500674767;0.09338680525983106;0.27064949928469245;0.2000191582744394
456;CCDSG;E2;SPD38;0.13706690569416644;0.11568546382603485;0.07268960249764103;0.12437245905370337;0.059482739317036765;0.038874525558557235
457;CCDSG;E3;SPD38;0.4628771129556938;0.34863612530206195;0.07407540307842879;0.5528779092251519;0.20262884866579586;0.06291396709163202
458;CCDSG;E4;SPD38;0.08929728102074992;0.06915357538515243;0.27471000918118604;0.024029472976733312;0.05697033028550103;0.19281029308934594
459;CCDSG;E5;SPD38;1.0;1.0;1.0;1.0;1.0;1.0
460;CCDSG;E6;SPD38;0.0484006952557012;0.048048533664428725;0.04947089516384633;0.009135627078652984;0.008643403620078373;0.009002131277398913
461;CCDSG;E7;SPD38;0.6687258212982311;0.5851122976080079;0.3928852328598458;0.7353344114250459;0.4861404490887603;0.38241205900490505
462;CCDSG;E8;SPD38;0.6414526599207466;0.528984433696133;0.33709166706162347;0.728776514077276;0.4126289730671145;0.3196548414314134
463;CCDSG;E9;SPD38;0.06023762733712209;0.0733776940788349;0.06555258353534937;0.020884100399439203;0.04618573116875039;0.03630880042109501
464;CCDSG;F2;SPD38;0.44032448823167725;0.381429276304102;0.2609564948367091;0.48198678552346275;0.29680587174224043;0.24972455948869987
465;CCDSG;F3;SPD38;0.1564654279241442;0.13391391866665758;0.41328472643642694;0.08410182188016468;0.14129999377993405;0.329900970427881
466;CCDSG;F4;SPD38;0.17295725028540057;0.2601990070581186;0.1054469420203967;0.122423714935719;0.24929700814828634;0.11711349955232854
467;CCDSG;F5;SPD38;0.6410985963877006;0.6397309929128316;0.6543376594595776;0.6203060559534933;0.6265606767431735;0.6304891359037674
468;CCDSG;F6;SPD38;0.10763208342815374;0.1078344876827614;0.11403290681449968;0.07101492051666612;0.07354108353548547;0.075664218019873
469;CCDSG;F7;SPD38;0.4224083817508588;0.3838735766535916;0.22862381488291064;0.4680999833752213;0.3128190582820178;0.22344224522075234
470;CCDSG;F8;SPD38;0.43632377535475614;0.3942401427950077;0.28388292647371427;0.4724895472814931;0.3307696709585122;0.27114312327607787
471;CCDSG;F9;SPD38;0.23854135536756627;0.3415986573695987;0.2984659696765377;0.18171060972042813;0.3923149841388318;0.3425467216773617
472;CCDSG;G2;SPD38;0.19872550082439724;0.20400888798702968;0.3560588013272267;0.13745669334039815;0.20377110157367664;0.29866846767347593
473;CCDSG;G3;SPD38;0.33452724461953576;0.21493920602924715;0.13704851365904946;0.40394700696195945;0.10434384524475959;0.09526210067576459
474;CCDSG;G4;SPD38;0.24022725516079876;0.134280806001632;0.05795573324176944;0.3057681314548815;0.03372121664489643;0.02314377607654021
475;CCDSG;G5;SPD38;0.40189833257882157;0.40165857774092034;0.41679786425871596;0.3787711354723882;0.3831140138085463;0.38901005261107285
476;CCDSG;G6;SPD38;0.15745931712301348;0.1574131136617503;0.1615902182624408;0.12318738792721015;0.1241005162654724;0.12482293109987849
477;CCDSG;G7;SPD38;0.21586482546410996;0.18655920381900953;0.10006188303962738;0.22593474374281555;0.12406344467251353;0.07225443220551088
478;CCDSG;G8;SPD38;0.44417428647039;0.39489803611854246;0.2953751295351881;0.5041899776587866;0.33726578341730423;0.2961485417779395
479;CCDSG;G9;SPD38;0.27198781295401064;0.35180414975149743;0.14452936780900827;0.22702513364277352;0.33488138334266343;0.14777415684240677
480;CCDSG;H2;SPD38;0.12122872933727287;0.14337640819859018;0.07651223472215668;0.09092375983151187;0.11640131865397774;0.05913198180415471
481;CCDSG;H3;SPD38;0.0982864966873531;0.07197371790549535;0.14661835479644672;0.05743594348286448;0.029119363065248493;0.07690724814932359
482;CCDSG;H4;SPD38;0.6601631011398985;0.6615004245891846;0.1008046816207631;0.7222577338559618;0.5184773278596754;0.13232852376787138
483;CCDSG;H5;SPD38;0.24275172683636323;0.2423166626721203;0.24670395376430734;0.21291629735061482;0.2139707656901163;0.21435141822835632
484;CCDSG;H6;SPD38;0.333220098997687;0.333196037175976;0.3482268647668787;0.32124806748059925;0.3254363376251788;0.33182518364850955
485;CCDSG;H7;SPD38;0.4669507352320697;0.42664613102707627;0.31422138953365253;0.5206025015402369;0.37468881010138705;0.31357031538261076
486;CCDSG;H8;SPD38;0.4468731687021238;0.3982669302991679;0.28105752101265624;0.5092649803036378;0.33923916153511224;0.2841085016294209
487;CCDSG;H9;SPD38;0.15265363532706644;0.24398592674447683;0.08688099298183151;0.10170875165692146;0.24718007090875163;0.09149156519876872
488;CCDSG;I2;SPD38;0.27684428900989255;0.2509634636933113;0.4478882698176541;0.2238330872214127;0.23631162530322822;0.3647325840319331
489;CCDSG;I3;SPD38;0.3965950385100095;0.49042505893123256;0.12307702519457879;0.3642506803268413;0.4278937612738695;0.14513715260307408
490;CCDSG;I4;SPD38;0.3506691035903795;0.21766210285408824;0.3168824323675236;0.4032744590945986;0.1371350376313989;0.24011478193110247
491;CCDSG;I5;SPD38;0.1317209199688358;0.13154920503333184;0.13830202080176696;0.09772969532203618;0.09910480811096598;0.10059674477050065
492;CCDSG;I6;SPD38;0.5615238790969639;0.5596949664219731;0.5753362416894837;0.5419251138175026;0.5452533432854388;0.5500106757387869
493;CCDSG;I7;SPD38;0.24536579902181288;0.19623077274554698;0.08150109013563771;0.2681363445223132;0.113225601791379;0.04955929518191975
494;CCDSG;I8;SPD38;0.15874503546101743;0.137419484095234;0.07451556763845116;0.1515788650165759;0.07954133233812279;0.04072568576301537
495;CCDSG;I9;SPD38;0.2294059879899207;0.3657565399634915;0.1291362246770269;0.16763644542671896;0.37675685762269084;0.15781451178008107
496;CCDSG;J2;SPD38;0.35673892340131297;0.4632877322670441;0.4786231389191122;0.2693363068276277;0.48198059339429;0.46830579573280084
497;CCDSG;J3;SPD38;0.5313364890836749;0.46959374239490936;0.08424145465330156;0.5745643552297376;0.3130902531566835;0.0762992793392524
498;CCDSG;J4;SPD38;0.1655573229116926;0.21622088787452828;0.4209407612180352;0.08910748052811676;0.2601127075947005;0.39389460626843265
499;CCDSG;J5;SPD38;0.06148671739277009;0.06165567518235436;0.06465994737832775;0.02448154249497923;0.026296448342352428;0.027742084471863788
500;CCDSG;J6;SPD38;0.8019830321239546;0.8025895055786386;0.8213460077477422;0.8017206201486985;0.8089563973378118;0.8144504994052549
501;CCDSG;J7;SPD38;0.4490689547770958;0.37308069294351076;0.22255063147185858;0.5109416825876335;0.2813913043478261;0.20101222775253444
502;CCDSG;J8;SPD38;0.4913116702184208;0.41994946149613416;0.24006071557338465;0.5553840723951328;0.3243639982583815;0.22842081633600905
503;CCDSG;J9;SPD38;0.40328257514549065;0.35848146419527177;0.1192961817617363;0.43821583230132277;0.2541195496672265;0.09636257260147435
504;CCDSG;K2;SPD38;0.7921085791542604;0.7424406213313403;0.5652679969467789;0.7752894445101336;0.6193638116564035;0.5157804190824155
505;CCDSG;K3;SPD38;0.7510252554664911;0.8320792553521774;0.763146858230646;0.6803770713185229;0.8209184549356223;0.7563812535317022
506;CCDSG;K4;SPD38;0.7563387699111137;0.7271350687361183;0.823189433029408;0.744852319512245;0.7061372146544753;0.7732589192411001
507;CCDSG;K5;SPD38;0.6548868614912229;0.7069565361356427;0.832036686014028;0.6125499743516114;0.7546105616719537;0.820548249178839
508;CCDSG;K6;SPD38;0.4875711070859829;0.48662843632126246;0.5008658844702817;0.46981358022166964;0.4699652920320955;0.4715399640314686
509;CCDSG;K7;SPD38;0.19865106244112377;0.19843023591443554;0.20186912048511355;0.16978699835619165;0.16834608446849536;0.16650894955890816
510;CCDSG;K8;SPD38;0.07143321202447434;0.07125809825448581;0.07429643483169647;0.033384689378900045;0.03364010698513404;0.03361341827480061
511;CCDSG;K9;SPD38;0.3295625664309473;0.3744540603651063;0.1136736399802553;0.3000434733519021;0.3152657834173042;0.10802944568725957
512;CCDSG;L2;SPD38;0.10862867647781381;0.07923619355987095;0.06904030479870027;0.09198192255342377;0.02411979846986378;0.026874479114255563
513;CCDSG;L3;SPD38;0.3308720879081861;0.18705031871352662;0.06174018907808884;0.4290730930178597;0.05880748895938297;0.028402625651187816
514;CCDSG;L4;SPD38;0.4615554221352615;0.3494959373427406;0.33702162153218446;0.5236885316586463;0.2569628662063818;0.2830773736263453
515;CCDSG;L5;SPD38;0.47653083563935955;0.36193469196457934;0.2639911228674057;0.5659181367445839;0.2560442868694408;0.22945936252615717
516;CCDSG;L6;SPD38;0.5450989167362343;0.37376126186645825;0.06368529978819622;0.6957547694000945;0.18828848665795855;0.03948136551407391
517;CCDSG;L7;SPD38;0.4757872152736594;0.5199834461017645;0.07468065519965167;0.4586834242065669;0.4146717671207315;0.07714898428892485
518;CCDSG;L8;SPD38;0.3667913979931849;0.3649252433981675;0.10683536557779545;0.3810701556772731;0.2826825900354544;0.09677315312944285
519;CCDSG;L9;SPD38;0.4159095394242644;0.5254915688972212;0.10390559620518752;0.3610412979062558;0.4668477949866268;0.12044942602583851
520;CCDSG;M2;SPD38;0.2996534134273873;0.1723206722858252;0.13964692263764897;0.359653528942673;0.06943832804627728;0.09152430198084946
521;CCDSG;M3;SPD38;0.0891842219922774;0.06706163601539217;0.08456656229238288;0.06892393230247852;0.02350239472538409;0.03844362564860758
522;CCDSG;M4;SPD38;0.28726581600723666;0.16138870724745805;0.08177757543315567;0.3690378609332813;0.05156683460844685;0.04556573029794019
523;CCDSG;M5;SPD38;0.43262015000954285;0.2528195142774804;0.0848525195526022;0.6008306166192667;0.10054214094669403;0.05466784583588132
524;CCDSG;M6;SPD38;0.7683716098456146;0.6692677468672555;0.1121265581273117;0.8948745007009967;0.47665186290974687;0.11771405017532724
525;CCDSG;M7;SPD38;0.6879582850891898;0.6754390252582447;0.08805783612410355;0.7794754215537145;0.532906388007713;0.10408877570240556
526;CCDSG;M8;SPD38;0.4230549789593545;0.48786743823835915;0.09274296210524458;0.4167647558246735;0.4188069913541083;0.10403233297468012
527;CCDSG;M9;SPD38;0.08275913757939495;0.07318944338922208;0.053736010968688894;0.058774371525576824;0.026544753374385766;0.01450545849556586
528;CCC;A1;SPD38;0.13975362981088607;0.11961999191506603;0.07566578188277194;0.13729380809338174;0.0864513602505368;0.06868703340563356
529;CCC;A2;SPD38;0.444393732310656;0.3866071386981642;0.2650148031868092;0.4242345276872964;0.2735021297370413;0.23305985978724697
530;CCC;A3;SPD38;0.2062448785661583;0.2100567728250653;0.3671051629614264;0.13285459790248885;0.1883927619955158;0.2763734210611151
531;CCC;A4;SPD38;0.13003089597069914;0.15269219606053047;0.07637707557039193;0.10447692663183238;0.1235233117535642;0.07563618686806302
532;CCC;A5;SPD38;0.2937918959590498;0.26386573736155006;0.47266457288756836;0.210906759889385;0.21603307521386314;0.32102146617965277
533;CCC;A6;SPD38;0.3640924999146173;0.4734145706545718;0.4818512616643248;0.21761283253452993;0.3784182252047658;0.36520522258882554
534;CCC;B1;SPD38;0.46297515163566905;0.34837107393155714;0.07100698514483202;0.5175005776727615;0.20803182516643284;0.08158054467457748
535;CCC;B2;SPD38;0.15366356827004585;0.1303143099173133;0.4186174397322846;0.09535908884234379;0.14877457407583153;0.3227301727063157
536;CCC;B3;SPD38;0.34192682347375436;0.21778085899456637;0.14379346897614656;0.3871735776205846;0.12434574696122781;0.12217628325532964
537;CCC;B4;SPD38;0.10343452272937433;0.07343876200075812;0.1554473203785778;0.07551934644712617;0.04937298611333532;0.09100900649195481
538;CCC;B5;SPD38;0.40342964697717615;0.497331451527352;0.12436199485680395;0.303574713586118;0.3547185360856123;0.13089307943945475
539;CCC;B6;SPD38;0.5528757589216011;0.48243117384436474;0.08526504707758638;0.48076327342928915;0.26022519276564626;0.0746663984257389
540;CCC;C1;SPD38;0.09112089768971675;0.0695600293425105;0.29978543279478004;0.04123018209736209;0.07400175997078039;0.20956625286884667
541;CCC;C2;SPD38;0.17257018466885557;0.2613460137728907;0.10851567174326261;0.13084086792537214;0.25223983028696245;0.12746059999040624
542;CCC;C3;SPD38;0.25037368735736104;0.14613470456526662;0.05847144669431887;0.31260847203691144;0.07488926660362907;0.059400594524406505
543;CCC;C4;SPD38;0.6736920049932159;0.6729428020752679;0.10118256398776031;0.6500592580445591;0.480076608504362;0.1405791101542965
544;CCC;C5;SPD38;0.3578605271859349;0.22514678154690482;0.3321976259365232;0.3508993060473021;0.13732580611875908;0.2241360114442569
545;CCC;C6;SPD38;0.16705584043805666;0.21857336314829767;0.42090992090197366;0.08701853770526019;0.22367600988105366;0.3272075510116586
546;CCC;D1;SPD38;1.0;1.0;1.0;1.0;1.0;1.0
547;CCC;D2;SPD38;0.6589831349295631;0.6608766644356846;0.6800794230227445;0.6187499906826974;0.6417774944306888;0.6561304554892695
548;CCC;D3;SPD38;0.4096029814760456;0.41104218692660827;0.4264507856028158;0.36689644377194225;0.38294736541433466;0.3935723653942172
549;CCC;D4;SPD38;0.2196968080821311;0.2195350704771829;0.22561424028485122;0.1845332776779791;0.19021940985963925;0.193639410855183
550;CCC;D5;SPD38;0.10414504535834579;0.10444459315847827;0.10991018775135694;0.07655036188403314;0.08030726557955696;0.0829309811735415
551;CCC;D6;SPD38;0.03714819309430151;0.037042657703411405;0.03893296008763388;0.030511259028466225;0.029726317191422637;0.029905909250888832
552;CCPPV;A1;SPD38;0.45300741655144444;0.4930599234597769;0.15950851991375803;0.540656346183897;0.5104631107740623;0.21922217799843968
553;CCPPV;A2;SPD38;0.3150699407928896;0.21433796052919174;0.13167735497809252;0.4301818813899468;0.1393940330453229;0.11827446725599124
554;CCPPV;A3;SPD38;0.33239838656816245;0.22650410023486567;0.43029275437537334;0.45053911266322183;0.24523875465704018;0.4492107790220307
555;CCPPV;A4;SPD38;0.15735149625780975;0.12880677487414513;0.3826973627927363;0.14664004902141528;0.18421255953661583;0.4073133583560692
556;CCPPV;A5;SPD38;0.3026656191062248;0.3795528935476543;0.4793271495551412;0.32010492549341846;0.5854702327816799;0.6608266978136299
557;CCPPV;A6;SPD38;0.2953073650882315;0.4338642362373882;0.1822436791288718;0.2466507592876444;0.45504061822592085;0.23727572012818707
558;CCPPV;B1;SPD38;0.08111511856803258;0.07396162134973863;0.054472464040469945;0.08023218452559668;0.059634481531713045;0.04969578867823154
559;CCPPV;B2;SPD38;0.17352993239581105;0.15108535338849438;0.09100499980702624;0.20362709311084073;0.1189575361934682;0.08074244586787756
560;CCPPV;B3;SPD38;0.3141637321973599;0.2878384758321828;0.20381347033046307;0.42732768322895215;0.30839699556276146;0.24416039991951213
561;CCPPV;B4;SPD38;0.2733128693231234;0.24405597334121315;0.15345671905793953;0.3472394727739765;0.22596991045883166;0.16229185284257255
562;CCPPV;B5;SPD38;0.4439338191723811;0.41147021875618184;0.31054283749260087;0.5209908927621426;0.4014744041583808;0.3457776280705846
563;CCPPV;B6;SPD38;0.5027470409269443;0.46852716800335337;0.3660932383309171;0.5696414870063401;0.4447076648650662;0.3788078477227948
564;CCPPV;C1;SPD38;0.056645578625500945;0.05639662054486512;0.059146902849381976;0.045858199586689075;0.0467029364067124;0.04810945932824913
565;CCPPV;C2;SPD38;0.07929516249041069;0.07902692051380818;0.08388559108314081;0.056291052362667175;0.05740595681151186;0.059379842580109754
566;CCPPV;C3;SPD38;0.16455024388241693;0.16362261202355122;0.1709575608865711;0.16667772808916562;0.16829135608175866;0.17083939313401045
567;CCPPV;C4;SPD38;0.2515954177570045;0.25143186533468054;0.2594682309278332;0.26970346608796114;0.2718035459079262;0.2757625587226899
568;CCPPV;C5;SPD38;0.41547444794387506;0.4139733428008343;0.43509164675105033;0.44754445199430426;0.4532936957454573;0.46472005087499313
569;CCPPV;C6;SPD38;0.6351582504613525;0.6336489942483409;0.6635456127064565;0.7142114698172407;0.7279852702222424;0.7455383510869115
570;CCPPV;D1;SPD38;0.043878818870027037;0.04382360151117229;0.04655272120017099;0.037212029911491064;0.03898699891872274;0.04037981316507586
571;CCPPV;D2;SPD38;0.03822076045054724;0.03811897165624555;0.040307291396039245;0.034992722286308245;0.03617662895865749;0.0380851802113353
572;CCPPV;D3;SPD38;0.05938331084265098;0.05907550235471251;0.06384074068597503;0.009857658806033568;0.010113052708403415;0.011416156871156683
573;CCPPV;D4;SPD38;0.9531213002948746;0.9516591705398117;0.9851726576216345;0.8504878438478299;0.8627332581312724;0.8838077527096322
574;CCPPV;D5;SPD38;0.971005998313536;0.9711391001005365;0.9952703685050033;0.9243739322654672;0.9381330315741678;0.9515451092560261
575;CCPPV;D6;SPD38;1.0;1.0;1.0;1.0;1.0;1.0
576;XRCCPP;A1;SPD38;0.15399442790297022;0.13241315674128595;0.08622728972063146;0.16352006320555482;0.10465320961785188;0.08391293547786127
577;XRCCPP;A2;SPD38;0.48672199805063243;0.41902308747976347;0.290144012061818;0.5358539587036784;0.338846311385232;0.2974778435251639
578;XRCCPP;A3;SPD38;0.20921812635198395;0.21235852272487438;0.37526927618577177;0.18497956455019218;0.24883128137599062;0.3553596934022942
579;XRCCPP;A4;SPD38;0.13670733431964044;0.15974225057543168;0.08478487122649256;0.1342631842836957;0.15550304831606349;0.09695176586439083
580;XRCCPP;A5;SPD38;0.29012927230688645;0.26274398367236845;0.4721891465054998;0.28949663460808;0.2976720411361875;0.43986036319762956
581;XRCCPP;A6;SPD38;0.3922019050448193;0.5129330578758847;0.5371958088832882;0.313165291641977;0.5408975352815927;0.5295064806025496
582;XRCCPP;B1;SPD38;0.4952913267715641;0.3742023193949659;0.08003965648456147;0.5851102298798182;0.23557169889881488;0.09358061053397326
583;XRCCPP;B2;SPD38;0.17187424206876584;0.14658771985344296;0.4652835508824174;0.12209003752829817;0.18230656479660404;0.3794213145731496
584;XRCCPP;B3;SPD38;0.373921718239659;0.2374983883220463;0.1608574356829693;0.4573438473342753;0.14239241187641544;0.14212524729198642
585;XRCCPP;B4;SPD38;0.11345589533745305;0.08143703291108989;0.17145069648163744;0.11875655225853503;0.08002210494602399;0.13858109846435002
586;XRCCPP;B5;SPD38;0.4143198202082268;0.508041275261572;0.13109297320773422;0.43421912271905433;0.4956247101476259;0.19796666104807445
587;XRCCPP;B6;SPD38;0.5681271467619055;0.4983605381241101;0.09384528662470112;0.6630049987085403;0.3753033929230321;0.12693730538231562
588;XRCCPP;C1;SPD38;0.08876075045341703;0.07114966831635515;0.26673709743735924;0.0610298251211693;0.10438409120913716;0.26988316285341685
589;XRCCPP;C2;SPD38;0.18364321986755996;0.27549569859778217;0.11940936398290836;0.15743956728504796;0.28529090176670313;0.15511084891014096
590;XRCCPP;C3;SPD38;0.2655140287793707;0.15371945310852886;0.06233906063225911;0.3557561116428886;0.08144470886127371;0.06582624355710116
591;XRCCPP;C4;SPD38;0.6706380466259273;0.6722606750262318;0.10534052822027454;0.7675585335095796;0.5640044819216746;0.16236992219728355
592;XRCCPP;C5;SPD38;0.36935026208110444;0.23298840388806002;0.34682648153677675;0.4529559232417157;0.18459661012359138;0.29345685364750135
593;XRCCPP;C6;SPD38;0.17817788103282584;0.2317252557916862;0.45377806621679584;0.12362307610495768;0.295922771479542;0.43469051906920625
594;XRCCPP;D1;SPD38;1.0;1.0;1.0;1.0;1.0;1.0
595;XRCCPP;D2;SPD38;0.6943638379921995;0.6945521862965907;0.7251695999052393;0.6669234392330249;0.6760127484267575;0.6887946788974548
596;XRCCPP;D3;SPD38;0.42163832636382675;0.42228753558432663;0.44384811626556775;0.41735721774009754;0.4247213185786486;0.4322042920130233
597;XRCCPP;D4;SPD38;0.2347349844851618;0.23461432255814849;0.24485840729847932;0.22765850768038653;0.2270563862306159;0.22965330328865072
598;XRCCPP;D5;SPD38;0.10077011576252234;0.10112147980926646;0.10966055510532804;0.10471762614522084;0.10696864347396322;0.11108622173330611
599;XRCCPP;D6;SPD38;0.041647788130032094;0.04156465047700389;0.04554822138228062;0.04211677833994257;0.043343296920540675;0.04492508050851217
600;SCK100;A1;SPD38;0.4237152699053279;0.323524024756753;0.2240130358266998;0.4766376883836109;0.23129687935957935;0.20345503115176747
601;SCK100;A2;SPD38;0.5454300705003325;0.5364718189468936;0.18323539726871532;0.5807820134952519;0.4401398491024279;0.2146089562289144
602;SCK100;A3;SPD38;0.31524076080791236;0.3997705809462339;0.24322956161113507;0.30052487886970974;0.4199756715963246;0.2906961310682999
603;SCK100;A4;SPD38;0.2868687303853317;0.3431806745176085;0.5264628293879802;0.2238866760110578;0.40811769581619656;0.5215906834380354
604;SCK100;A5;SPD38;0.3091811026973292;0.3123828080178298;0.5757181768149745;0.2601302993787428;0.3618263366895475;0.5359959299468818
605;SCK100;A6;SPD38;0.4007342502265454;0.30523747169833165;0.36026256528377304;0.4713803251024949;0.2571805848517509;0.3222483606212836
606;SCK100;B1;SPD38;0.6860792962834216;0.6705207949109485;0.6618128629814656;0.6639869186146217;0.6341395792137018;0.6362812436521893
607;SCK100;B2;SPD38;0.6516434669148204;0.6692708036546838;0.6492883211975392;0.6387807856148205;0.67398034166376;0.655910925968144
608;SCK100;B3;SPD38;0.6775758015070072;0.6714986202799282;0.7179112061684366;0.6899413269797572;0.6949541853482437;0.7318910486370933
609;SCK100;B4;SPD38;0.0698873449725193;0.06511249648465928;0.0626965509887602;0.05524690228861365;0.0431836368674403;0.044011280027150254
610;SCK100;B5;SPD38;0.062387675361142855;0.06662044467106602;0.0634417026312458;0.04015020384644406;0.048132717380881984;0.044189769332597016
611;SCK100;B6;SPD38;0.06822386399952048;0.06620146359313422;0.08035906296382202;0.04329078815289741;0.04633906187895379;0.05631296174013407
612;SCK100;C1;SPD38;0.7683983045871988;0.7296639599867775;0.5842733096934993;0.8230265880701241;0.6801763369056506;0.6017050491145832
613;SCK100;C2;SPD38;0.5509250356611048;0.5212920471029896;0.3112458900644069;0.6254804625244947;0.47548054520083904;0.34692937310704536
614;SCK100;C3;SPD38;0.40772760782065587;0.37157507849649735;0.16278536922469325;0.4810175859001827;0.31456475480545204;0.18611630669597867
615;SCK100;C4;SPD38;0.19313904054227835;0.16304214833034458;0.07994350073893924;0.2185604302383277;0.11114869348084262;0.0662114568185296
616;SCK100;C5;SPD38;0.07239590694681108;0.06755070467297568;0.05057297684110135;0.04934030008757509;0.03209570836906371;0.023897688770558624
617;SCK100;C6;SPD38;0.056875680120290734;0.05627234164126906;0.0589697794678084;0.02377060472539609;0.024050751246314443;0.025872563191322518
618;SCK100;D1;SPD38;0.9058605686946308;0.9043252203421911;0.891346733493102;0.9131734764107476;0.9126657050346734;0.9130912380593864
619;SCK100;D2;SPD38;0.8073990322048287;0.8086358518879653;0.8018119400670938;0.8345748378260343;0.8359508751294018;0.8313334041492759
620;SCK100;D3;SPD38;0.505880961775477;0.5065818728769846;0.5072202642443586;0.5096724165921631;0.5125327776336202;0.5096002191567064
621;SCK100;D4;SPD38;0.285094526319724;0.2849819794794139;0.28883048245890913;0.28448726274126024;0.28382817468619836;0.28660019493019967
622;SCK100;D5;SPD38;0.15026337370667928;0.1501715235249037;0.15159854223362373;0.13343667612538557;0.13472041624973446;0.13491379194317496
623;SCK100;D6;SPD38;0.06695377080312036;0.06687864496516457;0.06776220414912562;0.039495677266376886;0.041486187251871656;0.041585316335022354
624;SCK100;E1;SPD38;1.0;1.0;1.0;1.0;1.0;1.0
625;SCK100;E2;SPD38;0.6413954066066012;0.6415173652498696;0.6433934116561003;0.645739632184644;0.6473604450378653;0.6444807773022894
626;SCK100;E3;SPD38;0.3930705311628295;0.39308781435278983;0.39229505757839334;0.387064725533282;0.3843993431106901;0.3814581499521371
627;SCK100;E4;SPD38;0.21360590421101439;0.21362965179274723;0.21513798822247443;0.1966500815157121;0.1972409560463959;0.19507224572055323
628;SCK100;E5;SPD38;0.10153678718847975;0.10164106737054183;0.10122954062989957;0.07775432787837352;0.07811405728076064;0.07584056142547936
629;SCK100;E6;SPD38;0.04709016280226505;0.0471309895888244;0.04873884646853482;0.014532776633229601;0.015151546681705307;0.015950152202510403
630;SCK100;F1;SPD38;0.15756248165554956;0.2121594392597123;0.39478771305980104;0.11649401265379947;0.2877125873956843;0.4076132521890305
631;SCK100;F2;SPD38;0.3426612858006037;0.21590693616953063;0.3177110311839268;0.4136990984110724;0.16274306193081853;0.26482926214136226
632;SCK100;F3;SPD38;0.6934703346373842;0.6879239976045518;0.09601015534999817;0.8023524085434869;0.5719014140984685;0.1573639987070914
633;SCK100;F4;SPD38;0.2521419388428257;0.14111992742987095;0.05880199859529531;0.3360785340433851;0.05124732292314142;0.03626666633536401
634;SCK100;F5;SPD38;0.16924811563155995;0.25484392753021246;0.10526223141707419;0.1246927440726759;0.253155465030601;0.11798619337597613
635;SCK100;F6;SPD38;0.08795614121296964;0.06763816293150397;0.28451611414900785;0.03354262940190562;0.07079056426753305;0.2154523285503583
636;SCK100;G1;SPD38;0.438775551850461;0.32743348350448026;0.06192078100343986;0.5495079332051338;0.20794109958685897;0.07054137545680941
637;SCK100;G2;SPD38;0.14663412662832043;0.12857225458040555;0.38186875991210795;0.10334603133953296;0.16225114730721965;0.3375659318166712
638;SCK100;G3;SPD38;0.34049772322758987;0.21884075885643592;0.1502929232341805;0.46000042301281163;0.13790769645490114;0.13355141330606712
639;SCK100;G4;SPD38;0.11178388958805227;0.08266075893857411;0.17324915546714467;0.09975213735797632;0.0662042167632274;0.1306495126434411
640;SCK100;G5;SPD38;0.3977284012234721;0.4855595068605068;0.1184432104910397;0.41363021591945837;0.45859825302276175;0.16180241896492353
641;SCK100;G6;SPD38;0.560944570394455;0.48053732774025093;0.08428217396677928;0.6536702649432135;0.32937806015957377;0.0840751924506064
642;SCK100;H1;SPD38;0.3554831221281718;0.4667660559024548;0.45573562994833383;0.29986806573390434;0.5174816980707119;0.4842211933894353
643;SCK100;H2;SPD38;0.2909143277519224;0.26590891793424104;0.47019420671091156;0.2707241979334109;0.28389796797480527;0.42238458813178636
644;SCK100;H3;SPD38;0.12193500740897995;0.14576529071676927;0.07562058746384828;0.10864741081860982;0.13274715508308843;0.06880534954397224
645;SCK100;H4;SPD38;0.20365606119626206;0.2105620410247832;0.3658144828942423;0.16697916261755755;0.23800055674554538;0.33070361850830565
646;SCK100;H5;SPD38;0.4440419437626618;0.38832823838593655;0.26509391320970743;0.5790253670493598;0.3545290961977225;0.2843839872315957
647;SCK100;H6;SPD38;0.13015858755479143;0.11043489382500868;0.07077170377015614;0.16018466224141914;0.07923058982212157;0.051040279983873844
